xf_database,brand,customer,floor,area,unitcost,type1,type2,desci,longdesc,expirydate,sitegrade
XPOS,000000,00000,01,NULL,NULL,2,2,BeLLE(百麗)作廢,NULL,2016-12-31 00:00:00.000,010050A
XPOS,000100,00010,01,NULL,NULL,2,2,STACCATO(思加圖),NULL,2016-12-31 00:00:00.000,010070A
XPOS,000200,00020,01,NULL,NULL,2,2,TEENMIX(天美意),NULL,2020-12-31 00:00:00.000,010690B
XPOS,000300,00030,01,NULL,NULL,2,2,TATA(他她),NULL,2020-12-31 00:00:00.000,010030B
XPOS,000400,00040,01,NULL,NULL,2,2,C.BANNER(千百度),NULL,2020-12-31 00:00:00.000,010150B
XPOS,000500,00050,01,NULL,NULL,2,2,皮爾卡丹,NULL,2020-12-31 00:00:00.000,010580B
XPOS,000600,00060,01,NULL,NULL,2,2,HUSH PUPPIES(暇步士),NULL,2020-12-31 00:00:00.000,010260A
XPOS,000700,00070,01,NULL,NULL,2,2,MILLIE'S(妙麗),NULL,2020-12-31 00:00:00.000,010190A
XPOS,000800,00080,01,NULL,NULL,2,2,森林公主,NULL,2020-12-31 00:00:00.000,010140C
XPOS,000900,00090,01,NULL,NULL,2,2,ST&SAT(星期六),NULL,2016-12-31 00:00:00.000,010040A
XPOS,001000,00100,01,NULL,NULL,2,2,HANG TEN,NULL,2016-12-31 00:00:00.000,010090A
XPOS,001100,00110,01,NULL,NULL,2,2,Scholl(爽健),NULL,2020-12-31 00:00:00.000,010240B
XPOS,001200,00120,01,NULL,NULL,2,2,COMRADE(康莉),NULL,2016-12-31 00:00:00.000,010581B
XPOS,001300,00130,01,NULL,NULL,2,2,BASTO(百思圖),NULL,2020-12-31 00:00:00.000,010170B
XPOS,001400,00140,01,NULL,NULL,2,2,PHIDIAS(菲迪雅絲),NULL,2020-12-31 00:00:00.000,010120B
XPOS,001500,00150,01,NULL,NULL,2,2,NINE WEST(玖熙),NULL,2016-12-31 00:00:00.000,010220A
XPOS,001600,00160,01,NULL,NULL,2,2,FED,NULL,2016-12-31 00:00:00.000,010060A
XPOS,001700,00170,01,NULL,NULL,2,2,COMONI,NULL,2020-12-31 00:00:00.000,010100A
XPOS,001800,00180,01,NULL,NULL,2,2,MARIA(瑪莉亞),NULL,2020-12-31 00:00:00.000,010130C
XPOS,001900,00190,01,NULL,NULL,2,2,SAFIYA(索菲婭),NULL,2016-12-31 00:00:00.000,010120B
XPOS,002000,00200,01,NULL,NULL,2,2,ecco(愛步),NULL,2016-12-31 00:00:00.000,010230A
XPOS,002100,00210,01,NULL,NULL,2,2,DAPHNE(達芙妮),NULL,2020-12-31 00:00:00.000,010650B
XPOS,002200,00220,01,NULL,NULL,2,2,Walker shop(奧卡索),NULL,2016-12-31 00:00:00.000,010590A
XPOS,002300,00230,01,NULL,NULL,2,2,COUBER.G(傲巴斯),NULL,2020-12-31 00:00:00.000,010670B
XPOS,002400,00240,01,NULL,NULL,2,2,COEY,NULL,2016-12-31 00:00:00.000,010250B
XPOS,002500,00250,01,NULL,NULL,2,2,SANROCHER(聖琪兒),NULL,2016-12-31 00:00:00.000,010160B
XPOS,002600,00260,01,NULL,NULL,2,2,AEE(愛意),NULL,2020-12-31 00:00:00.000,010270A
XPOS,002700,00270,01,NULL,NULL,2,2,Le Saunda 萊爾斯丹,NULL,2016-12-31 00:00:00.000,010200A
XPOS,002800,00280,02,NULL,NULL,2,2,CARVEN,NULL,2020-12-31 00:00:00.000,020780B
XPOS,002900,00290,02,NULL,NULL,2,2,GALADAY,NULL,2020-12-31 00:00:00.000,020080B
XPOS,003000,00300,02,NULL,NULL,2,2,POWERLAND(保蘭德),NULL,2016-12-31 00:00:00.000,020090B
XPOS,003100,00310,04,NULL,NULL,2,2,NINO RIVA(尼諾里拉),NULL,2020-12-31 00:00:00.000,040940B
XPOS,003200,00320,02,NULL,NULL,2,2,KSTYLE,NULL,2020-12-31 00:00:00.000,020910B
XPOS,003300,00330,03,NULL,NULL,2,2,ADEMINA(艾狄米娜),NULL,2020-12-31 00:00:00.000,030930B
XPOS,003400,00340,03,NULL,NULL,2,2,西村名物,NULL,2020-12-31 00:00:00.000,030960B
XPOS,003500,00350,03,NULL,NULL,2,2,F8.派,NULL,2016-12-31 00:00:00.000,030950B
XPOS,003600,00360,04,NULL,NULL,2,2,eee 男鞋,NULL,2016-12-31 00:00:00.000,041090B
XPOS,003700,00370,04,NULL,NULL,2,2,Satchi(沙馳),NULL,2016-12-31 00:00:00.000,041020B
XPOS,003800,00380,04,NULL,NULL,2,2,WOLFF,NULL,2020-12-31 00:00:00.000,041100B
XPOS,003900,00390,04,NULL,NULL,2,2,CELE(策樂),NULL,2020-12-31 00:00:00.000,041160B
XPOS,004000,00400,02,NULL,NULL,2,2,SHOW LONG(舒朗),NULL,2020-12-31 00:00:00.000,020370A
XPOS,004100,00410,02,NULL,NULL,2,2,NAERSI(娜爾思),NULL,2016-12-31 00:00:00.000,020010A
XPOS,004200,00420,02,NULL,NULL,2,2,木真了,,2016-12-31 00:00:00.000,020420B
XPOS,004300,00430,02,NULL,NULL,2,2,LISA SMILE,NULL,2020-12-31 00:00:00.000,020410B
XPOS,004400,00440,02,NULL,NULL,2,2,ONLY(luxury),NULL,2020-12-31 00:00:00.000,020180A
XPOS,004500,00450,02,NULL,NULL,2,2,LAVINIA(拉維妮婭),NULL,2020-12-31 00:00:00.000,020270A
XPOS,004600,00460,03,NULL,NULL,2,2,Triumph(黛安芬),NULL,2016-12-31 00:00:00.000,030300B
XPOS,004700,00470,03,NULL,NULL,2,2,MANIFORM(曼妮芬),NULL,2016-12-31 00:00:00.000,030270B
XPOS,004800,00480,03,NULL,NULL,2,2,EBLIN,NULL,2016-12-31 00:00:00.000,030242B
XPOS,004900,00490,03,NULL,NULL,2,2,BODYPOPS,NULL,2016-12-31 00:00:00.000,030241B
XPOS,005000,00500,04,NULL,NULL,2,2,bossini(堡獅龍),NULL,2020-12-31 00:00:00.000,041320B
XPOS,005100,00510,03,NULL,NULL,2,2,MAUGAN,NULL,2020-12-31 00:00:00.000,030730B
XPOS,005200,00520,04,NULL,NULL,2,2,TEXWOOD(蘋果),NULL,2016-12-31 00:00:00.000,041130B
XPOS,005300,00530,04,NULL,NULL,2,2,LEE,NULL,2020-12-31 00:00:00.000,041150B
XPOS,005400,00540,04,NULL,NULL,2,2,LEVI'S(利惠),NULL,2020-12-31 00:00:00.000,041040B
XPOS,005500,00550,03,NULL,NULL,2,2,AZONE(夜龍),NULL,2020-12-31 00:00:00.000,030750B
XPOS,005600,00560,04,NULL,NULL,2,2,GIORDANO(佐丹奴),NULL,2020-12-31 00:00:00.000,040300B
XPOS,005700,00570,03,NULL,NULL,2,2,TRIBECA(翠貝卡),NULL,2016-12-31 00:00:00.000,030440A
XPOS,005800,00580,03,NULL,NULL,2,2,WANKO,NULL,2020-12-31 00:00:00.000,030460A
XPOS,005900,00590,03,NULL,NULL,2,2,BABY F.O.X,NULL,2020-12-31 00:00:00.000,030550A
XPOS,006000,00600,03,NULL,NULL,2,2,衣本色,NULL,2020-12-31 00:00:00.000,031010A
XPOS,006100,00610,03,NULL,NULL,2,2,翠柏,NULL,2020-12-31 00:00:00.000,030810B
XPOS,006200,00620,03,NULL,NULL,2,2,ESPRIT(女裝),NULL,2020-12-31 00:00:00.000,030040A
XPOS,006300,00630,03,NULL,NULL,2,2,淑女屋,NULL,2020-12-31 00:00:00.000,030570A
XPOS,006400,00640,04,NULL,NULL,2,2,歌德克依,NULL,2020-12-31 00:00:00.000,040570A
XPOS,006500,00650,04,NULL,NULL,2,2,吉諾裡茲,吉諾裡茲,2016-12-31 00:00:00.000,040590A
XPOS,006600,00660,04,NULL,NULL,2,2,JACK&JONES,NULL,2016-12-31 00:00:00.000,040410A
XPOS,006700,00670,04,NULL,NULL,2,2,ESPRIT男裝,NULL,2020-12-31 00:00:00.000,040450A
XPOS,006800,00680,02,NULL,NULL,2,2,馨雨竹,NULL,2016-12-30 00:00:00.000,020050A
XPOS,006900,00690,02,NULL,NULL,2,2,恒地,NULL,2020-12-31 00:00:00.000,020650B
XPOS,007000,00700,02,NULL,NULL,2,2,敦奴,NULL,2020-12-31 00:00:00.000,020030A
XPOS,007100,00710,04,NULL,NULL,2,2,PHITEN,NULL,2020-12-31 00:00:00.000,041220B
XPOS,007200,00720,04,NULL,NULL,2,2,三和松石,NULL,2020-12-31 00:00:00.000,041270B
XPOS,007300,00730,04,NULL,NULL,2,2,浩沙(體育),NULL,2020-12-31 00:00:00.000,041320B
XPOS,007400,00740,04,NULL,NULL,2,2,銳步,,2020-12-31 00:00:00.000,040360A
XPOS,007500,00750,04,NULL,NULL,2,2,FILA,NULL,2020-12-31 00:00:00.000,041190A
XPOS,007600,00760,05,NULL,NULL,2,2,(NIKE)耐克,NULL,2016-12-31 00:00:00.000,050120A
XPOS,007700,00770,05,NULL,NULL,2,2,保日達,NULL,2020-12-31 00:00:00.000,050851B
XPOS,007800,00780,05,NULL,NULL,2,2,361,NULL,2020-12-31 00:00:00.000,050930B
XPOS,007900,00790,04,NULL,NULL,2,2,NIKKO,NULL,2020-12-31 00:00:00.000,040250B
XPOS,008000,00800,04,NULL,NULL,2,2,NEW BALANCE,NULL,2020-12-31 00:00:00.000,040330B
XPOS,008100,00810,04,NULL,NULL,2,2,VICUTU(威可多),NULL,2016-12-31 00:00:00.000,040490A
XPOS,008200,00820,04,NULL,NULL,2,2,LEO,,2020-12-31 00:00:00.000,040510A
XPOS,008300,00830,04,NULL,NULL,2,2,DOOLRS(多奧),NULL,2020-12-31 00:00:00.000,040530A
XPOS,008400,00840,04,NULL,NULL,2,2,NOTTING HILL(諾丁山),NULL,2016-12-31 00:00:00.000,040550A
XPOS,008500,00850,04,NULL,NULL,2,2,NABARRO(納巴羅),NULL,2016-12-31 00:00:00.000,040010A
XPOS,008600,00860,04,NULL,NULL,2,2,LOZIO(羅茜奧),NULL,2020-12-31 00:00:00.000,040030A
XPOS,008700,00870,04,NULL,NULL,2,2,ZORANZI(莊子),NULL,2016-12-31 00:00:00.000,040050A
XPOS,008800,00880,04,NULL,NULL,2,2,LUOFUDIQI,NULL,2020-12-31 00:00:00.000,040070A
XPOS,008900,00890,03,NULL,NULL,2,2,EMERA(伊美行),NULL,2020-12-31 00:00:00.000,030900A
XPOS,009000,00900,01,NULL,NULL,2,2,IN STYLE(迎時尚),NULL,2020-12-31 00:00:00.000,010010A
XPOS,009100,00910,05,NULL,NULL,2,2,好孩子,NULL,2020-12-31 00:00:00.000,050810B
XPOS,009200,00920,05,NULL,NULL,2,2,好孩子,NULL,2020-12-31 00:00:00.000,050820B
XPOS,009300,00930,03,NULL,NULL,2,2,耐克(兒童),NULL,2020-12-31 00:00:00.000,030290B
XPOS,009400,00940,05,NULL,NULL,2,2,adidas兒童,NULL,2016-12-31 00:00:00.000,050100A
XPOS,009500,00950,02,NULL,NULL,2,2,VESA'S(唯尚),NULL,2016-12-31 00:00:00.000,020250A
XPOS,009600,00960,02,NULL,NULL,2,2,KATHY VAN ZEELAND,NULL,2020-12-31 00:00:00.000,020920B
XPOS,009700,00970,02,NULL,NULL,2,2,LE SAUNDA(萊爾斯丹),,2020-12-31 00:00:00.000,020910B
XPOS,009800,00980,04,NULL,NULL,2,2,馬克華菲,NULL,2016-12-31 00:00:00.000,040380A
XPOS,009900,00990,03,NULL,NULL,2,2,GUJIN(古今),NULL,2016-12-31 00:00:00.000,030280B
XPOS,010000,01000,03,NULL,NULL,2,2,棉花共和國,NULL,2016-12-31 00:00:00.000,031050C
XPOS,010100,01010,03,NULL,NULL,2,2,奇妮,NULL,2016-12-31 00:00:00.000,030230C
XPOS,010200,01020,03,NULL,NULL,2,2,FARO(法羅),NULL,2020-12-31 00:00:00.000,030210C
XPOS,010300,01030,03,NULL,NULL,2,2,ISYFEN(伊絲芬),NULL,2020-12-31 00:00:00.000,030342B
XPOS,010400,01040,03,NULL,NULL,2,2,RUBII(璐比),NULL,2016-06-01 00:00:00.000,031060B
XPOS,010500,01050,03,NULL,NULL,2,2,ORDIFEN(歐迪芬),NULL,2016-12-31 00:00:00.000,030341B
XPOS,010600,01060,02,NULL,NULL,2,2,YISELLE(伊絲艾拉),NULL,2020-12-31 00:00:00.000,020870B
XPOS,010700,01070,02,NULL,NULL,2,2,010700,NULL,2020-12-31 00:00:00.000,020820B
XPOS,010800,01080,04,NULL,NULL,2,2,SNOWLOTUS(雪蓮),NULL,2016-12-31 00:00:00.000,041230B
XPOS,010900,01090,02,NULL,NULL,2,2,PALUOPO(帕羅),NULL,2020-12-31 00:00:00.000,020890B
XPOS,011000,01100,02,NULL,NULL,2,2,LONG QING XIA(龍慶峽,NULL,2020-12-31 00:00:00.000,020880B
XPOS,011100,01110,02,NULL,NULL,2,2,SCOFIELD(斯克菲爾德),NULL,2016-12-31 00:00:00.000,020210A
XPOS,011200,01120,03,NULL,NULL,2,2,PRICH,NULL,2016-12-31 00:00:00.000,030140A
XPOS,011300,01130,02,NULL,NULL,2,2,GARDEUR(戛蒂爾),NULL,2020-12-31 00:00:00.000,020300A
XPOS,011400,01140,02,NULL,NULL,2,2,PHIDIAS(菲迪雅絲),NULL,2016-12-31 00:00:00.000,020830B
XPOS,011500,01150,04,NULL,NULL,2,2,CAN.TORP(駱駝牌),,2020-12-31 00:00:00.000,041080B
XPOS,011600,01160,04,NULL,NULL,2,2,皮爾卡丹男鞋,NULL,2020-12-31 00:00:00.000,041050B
XPOS,011700,01170,04,NULL,NULL,2,2,LE SAUNDA(萊爾斯丹),NULL,2016-12-31 00:00:00.000,041110B
XPOS,011800,01180,04,NULL,NULL,2,2,皮爾卡丹男包,NULL,2020-12-31 00:00:00.000,041140B
XPOS,011900,01190,04,NULL,NULL,2,2,PARKER(派克),,2020-12-31 00:00:00.000,041320B
XPOS,012000,01200,04,NULL,NULL,2,2,CARTELO(卡帝樂),NULL,2016-12-31 00:00:00.000,041030B
XPOS,012100,01210,04,NULL,NULL,2,2,金利來男鞋,,2020-12-31 00:00:00.000,041040B
XPOS,012200,01220,01,NULL,NULL,2,2,Stella Luna,NULL,2020-12-31 00:00:00.000,010210A
XPOS,012300,01230,02,NULL,NULL,2,2,D' eborah,NULL,2020-12-31 00:00:00.000,020760B
XPOS,012400,01240,02,NULL,NULL,2,2,GILLIVO(嘉裡奧),NULL,2016-12-31 00:00:00.000,020750B
XPOS,012500,01250,01,NULL,NULL,2,2,KUUKI(高琪),NULL,2020-12-31 00:00:00.000,010020B
XPOS,012600,01260,01,NULL,NULL,2,2,D:FUSE(迪芙斯),NULL,2020-12-31 00:00:00.000,010660B
XPOS,012700,01270,01,NULL,NULL,2,2,TR/BECA(翠貝卡),NULL,2016-12-31 00:00:00.000,010180B
XPOS,012800,01280,01,NULL,NULL,2,2,KISS CAT,NULL,2016-12-31 00:00:00.000,010080A
XPOS,012900,01290,03,NULL,NULL,2,2,7PRINCESS,NULL,2020-12-31 00:00:00.000,030510A
XPOS,013000,01300,03,NULL,NULL,2,2,TWICE,NULL,2016-06-01 00:00:00.000,030090A
XPOS,013100,01310,02,NULL,NULL,2,2,CASIO(卡西歐),NULL,2016-12-31 00:00:00.000,020930B
XPOS,013200,01320,03,NULL,NULL,2,2,海盜船,NULL,2020-12-31 00:00:00.000,030070A
XPOS,013300,01330,03,NULL,NULL,2,2,BETU(百圖),NULL,2016-12-31 00:00:00.000,030880B
XPOS,013400,01340,03,NULL,NULL,2,2,BOSSINI STYLE,NULL,2020-12-31 00:00:00.000,030900B
XPOS,013500,01350,03,NULL,NULL,2,2,ASK,NULL,2016-12-31 00:00:00.000,030590A
XPOS,013600,01360,02,NULL,NULL,2,2,AILINGJIE(愛玲捷),NULL,2016-12-31 00:00:00.000,020750B
XPOS,013700,01370,03,NULL,NULL,2,2,VERO MODA,NULL,2016-12-31 00:00:00.000,030160A
XPOS,013800,01380,03,NULL,NULL,2,2,ONLY,NULL,2016-12-31 00:00:00.000,030370A
XPOS,013900,01390,03,NULL,NULL,2,2,013900,NULL,2020-12-31 00:00:00.000,030330B
XPOS,014000,01400,03,NULL,NULL,2,2,014000,NULL,2020-12-31 00:00:00.000,030920B
XPOS,014100,01410,03,NULL,NULL,2,2,BASIC HOUSE(百家好事,NULL,2016-12-31 00:00:00.000,031030A
XPOS,014200,01420,03,NULL,NULL,2,2,AZONA A02,,2016-12-31 00:00:00.000,030520A
XPOS,014300,01430,03,NULL,NULL,2,2,SIARE'S,NULL,2016-12-31 00:00:00.000,030910B
XPOS,01440,01440,03,NULL,NULL,2,2,秋水伊人作廢,NULL,2020-12-31 00:00:00.000,030870B
XPOS,014400,01440,03,NULL,NULL,2,2,秋水伊人,NULL,2020-12-31 00:00:00.000,030870B
XPOS,014500,01450,03,NULL,NULL,2,2,B2,NULL,2020-12-31 00:00:00.000,030890B
XPOS,014600,01460,03,NULL,NULL,2,2,TEENIE WEENIE,NULL,2016-12-31 00:00:00.000,030100A
XPOS,014700,01470,03,NULL,NULL,2,2,E.LAND(衣戀),NULL,2016-12-31 00:00:00.000,030920B
XPOS,014800,01480,02,NULL,NULL,2,2,ROZANA,NULL,2020-12-31 00:00:00.000,020970B
XPOS,014900,01490,02,NULL,NULL,2,2,MEIYI(美伊),NULL,2020-12-31 00:00:00.000,020960B
XPOS,015000,01500,02,NULL,NULL,2,2,CAROL GRANDAMBER(嘉,NULL,2016-12-31 00:00:00.000,020950B
XPOS,015100,01510,02,NULL,NULL,2,2,經典元素,NULL,2020-12-31 00:00:00.000,020710C
XPOS,015200,01520,03,NULL,NULL,2,2,ITL(伊泰蓮娜),NULL,2016-12-31 00:00:00.000,030740B
XPOS,015300,01530,03,NULL,NULL,2,2,O.YAFEI(歐雅妃),NULL,2020-12-31 00:00:00.000,030730B
XPOS,015400,01540,02,NULL,NULL,2,2,KEMAN VOGUISH,NULL,2020-12-31 00:00:00.000,020160A
XPOS,015500,01550,02,NULL,NULL,2,2,PIERRE CARDIN(皮爾,NULL,2016-12-31 00:00:00.000,020320A
XPOS,015600,01560,02,NULL,NULL,2,2,LAIPOSE(黎姿),NULL,2020-12-31 00:00:00.000,020850B
XPOS,015700,01570,02,NULL,NULL,2,2,YITU(億圖),NULL,2020-12-31 00:00:00.000,020690A
XPOS,015800,01580,04,NULL,NULL,2,2,TRAVELPRO(特普羅鐵塔,NULL,2020-12-31 00:00:00.000,041120B
XPOS,015900,01590,04,NULL,NULL,2,2,沙馳男包,NULL,2016-12-31 00:00:00.000,041130B
XPOS,016000,01600,04,NULL,NULL,2,2,GOLDLION(金利來),NULL,2016-12-31 00:00:00.000,041150B
XPOS,016100,01610,01,NULL,NULL,2,2,STEVE MADDEN,NULL,2020-12-31 00:00:00.000,010680B
XPOS,016200,01620,03,NULL,NULL,2,2,GARFIELD(加菲貓),NULL,2020-12-31 00:00:00.000,031080B
XPOS,016300,01630,03,NULL,NULL,2,2,LITTLE BOBDOG,NULL,2020-12-31 00:00:00.000,030320B
XPOS,016400,01640,05,NULL,NULL,2,2,迪士尼,NULL,2020-12-31 00:00:00.000,050180A
XPOS,016500,01650,05,NULL,NULL,2,2,PACLANTIC(派克蘭帝),NULL,2016-12-31 00:00:00.000,050200A
XPOS,016600,01660,05,NULL,NULL,2,2,SHUIHAIER(水孩兒),NULL,2016-12-31 00:00:00.000,050212A
XPOS,016700,01670,05,NULL,NULL,2,2,BABYME(貝美依),NULL,2020-12-31 00:00:00.000,050080A
XPOS,016800,01680,03,NULL,NULL,2,2,皮爾 卡丹(內衣),NULL,2020-12-31 00:00:00.000,030340B
XPOS,016900,01690,03,NULL,NULL,2,2,WACOAL(華歌爾),,2016-12-31 00:00:00.000,030290B
XPOS,017000,01700,03,NULL,NULL,2,2,桑扶蘭,NULL,2016-12-31 00:00:00.000,030260B
XPOS,017100,01710,04,NULL,NULL,2,2,PIERRE CARDIN(皮爾,NULL,2016-12-31 00:00:00.000,040910A
XPOS,017200,01720,04,NULL,NULL,2,2,ENZO,NULL,2016-12-31 00:00:00.000,040950B
XPOS,017300,01730,04,NULL,NULL,2,2,CONCH(海螺),NULL,2020-12-31 00:00:00.000,040890B
XPOS,017400,01740,04,NULL,NULL,2,2,皮爾卡丹(襯衫),NULL,2020-12-31 00:00:00.000,040880B
XPOS,017500,01750,02,NULL,NULL,2,2,HONRN(紅人),NULL,2020-12-31 00:00:00.000,020120A
XPOS,017600,01760,02,NULL,NULL,2,2,賽絲特,NULL,2016-12-31 00:00:00.000,020350A
XPOS,017700,01770,02,NULL,NULL,2,2,MEIERMEI(玫.而.美),NULL,2016-12-31 00:00:00.000,020390A
XPOS,017800,01780,02,NULL,NULL,2,2,ZORANZI(莊子),NULL,2016-12-31 00:00:00.000,020330A
XPOS,017900,01790,04,NULL,NULL,2,2,OMRON(歐姆龍),NULL,2020-12-31 00:00:00.000,040210B
XPOS,018000,01800,04,NULL,NULL,2,2,迪信通,NULL,2016-12-31 00:00:00.000,041270B
XPOS,018100,01810,05,NULL,NULL,2,2,馨亭,NULL,2016-12-31 00:00:00.000,050870B
XPOS,018200,01820,05,NULL,NULL,2,2,奧麗麗迪爾,NULL,2020-12-31 00:00:00.000,050330A
XPOS,018300,01830,02,NULL,NULL,2,2,SISLEY (希思黎),NULL,2016-12-31 00:00:00.000,020900B
XPOS,018400,01840,05,NULL,NULL,2,2,LUOLAI(羅萊家紡),NULL,2016-12-31 00:00:00.000,050340A
XPOS,018500,01850,05,NULL,NULL,2,2,FUANNA(富安娜),NULL,2016-12-31 00:00:00.000,050900B
XPOS,018600,01860,05,NULL,NULL,2,2,VERSAI(維莎),NULL,2020-12-31 00:00:00.000,050370A
XPOS,018700,01870,05,NULL,NULL,2,2,世家,NULL,2020-12-31 00:00:00.000,050560B
XPOS,018800,01880,05,NULL,NULL,2,2,CASABLANCA(卡撒天嬌),NULL,2020-12-31 00:00:00.000,050400A
XPOS,018900,01890,05,NULL,NULL,2,2,ELLE,NULL,2020-12-31 00:00:00.000,050410B
XPOS,019000,01900,05,NULL,NULL,2,2,SENBODULUN(聖寶度倫),NULL,2016-12-31 00:00:00.000,050720B
XPOS,019100,01910,05,NULL,NULL,2,2,SENBODULUN(聖寶度倫),NULL,2016-12-31 00:00:00.000,050720B
XPOS,019200,01920,05,NULL,NULL,2,2,拉比,NULL,2016-01-31 00:00:00.000,050760B
XPOS,019300,01930,03,NULL,NULL,2,2,旺樂高,NULL,2020-12-31 00:00:00.000,031060B
XPOS,019400,01940,03,NULL,NULL,2,2,麗嬰房,NULL,2020-12-31 00:00:00.000,030350B
XPOS,019500,01950,03,NULL,NULL,2,2,麗嬰房,NULL,2020-12-31 00:00:00.000,030350B
XPOS,019600,01960,03,NULL,NULL,2,2,芭比,NULL,2020-12-31 00:00:00.000,030220C
XPOS,019700,01970,03,NULL,NULL,2,2,DORDOR HORSE,NULL,2020-12-31 00:00:00.000,030210C
XPOS,019800,01980,03,NULL,NULL,2,2,SEASON WIND(季候風),,2016-12-31 00:00:00.000,030440A
XPOS,019900,01990,03,NULL,NULL,2,2,OCEAN BLUE,NULL,2020-12-31 00:00:00.000,030080A
XPOS,020000,02000,03,NULL,NULL,2,2,CRUMPLER,NULL,2020-12-31 00:00:00.000,030970B
XPOS,020100,02010,02,NULL,NULL,2,2,RIME(韻魅),NULL,2016-12-31 00:00:00.000,020092B
XPOS,020200,02020,01,NULL,NULL,2,2,寶島精品,NULL,2020-12-31 00:00:00.000,010600B
XPOS,020300,02030,02,NULL,NULL,2,2,寶島,NULL,2016-01-31 00:00:00.000,020690B
XPOS,020400,02040,02,NULL,NULL,2,2,寶島,NULL,2020-12-31 00:00:00.000,020690B
XPOS,020500,02050,04,NULL,NULL,2,2,銀碼頭,NULL,2020-12-31 00:00:00.000,040850B
XPOS,020600,02060,04,NULL,NULL,2,2,PUDUN(普頓),NULL,2020-12-31 00:00:00.000,040870B
XPOS,020700,02070,04,NULL,NULL,2,2,ARROW(箭),NULL,2020-12-31 00:00:00.000,040100B
XPOS,020800,02080,04,NULL,NULL,2,2,ARROW(箭),NULL,2020-12-31 00:00:00.000,040100B
XPOS,020900,02090,04,NULL,NULL,2,2,LT GRFF(魯泰格蕾芬),NULL,2020-12-31 00:00:00.000,040110B
XPOS,021000,02100,02,NULL,NULL,2,2,安莉芳,NULL,2020-12-31 00:00:00.000,020901B
XPOS,021100,02110,03,NULL,NULL,2,2,GRACEWELL(婷美),NULL,2016-12-31 00:00:00.000,031070B
XPOS,021200,02120,03,NULL,NULL,2,2,HANES(海恩斯),NULL,2020-12-31 00:00:00.000,031120B
XPOS,021300,02130,03,NULL,NULL,2,2,JOCKEY,NULL,2016-12-31 00:00:00.000,031120B
XPOS,021400,02140,02,NULL,NULL,2,2,FERRO,NULL,2020-12-31 00:00:00.000,020140A
XPOS,021500,02150,05,NULL,NULL,2,2,耐克360,NULL,2016-12-30 00:00:00.000,050950B
XPOS,021600,02160,05,NULL,NULL,2,2,adidas休閒,NULL,2016-12-31 00:00:00.000,050260A
XPOS,021700,02170,04,NULL,NULL,2,2,TIEDAN(鐵丹),NULL,2020-12-31 00:00:00.000,040950B
XPOS,021800,02180,04,NULL,NULL,2,2,ZIPPO(之寶),NULL,2016-12-31 00:00:00.000,040930B
XPOS,021900,02190,04,NULL,NULL,2,2,維氏,NULL,2016-12-31 00:00:00.000,040930B
XPOS,022000,02200,04,NULL,NULL,2,2,萬得福,NULL,2016-12-31 00:00:00.000,040480B
XPOS,022100,02210,04,NULL,NULL,2,2,EVE(依文),NULL,2020-12-31 00:00:00.000,040970B
XPOS,022200,02220,04,NULL,NULL,2,2,KAIWANG(愷王),NULL,2016-12-31 00:00:00.000,040980B
XPOS,022300,02230,04,NULL,NULL,2,2,YOUNGOR(雅戈爾),NULL,2020-12-31 00:00:00.000,040960B
XPOS,022400,02240,04,NULL,NULL,2,2,DANGEDIYA(丹戈迪亞),NULL,2016-12-31 00:00:00.000,040940B
XPOS,022500,02250,04,NULL,NULL,2,2,HEAT WAVE(熱浪),NULL,2020-12-31 00:00:00.000,041310B
XPOS,022600,02260,05,NULL,NULL,2,2,LI-NING(李寧),NULL,2016-12-31 00:00:00.000,050530B
XPOS,022700,02270,04,NULL,NULL,2,2,KAPPA(卡帕),NULL,2020-12-31 00:00:00.000,040380A
XPOS,022800,02280,03,NULL,NULL,2,2,CROCS,NULL,2016-12-31 00:00:00.000,030960B
XPOS,022900,02290,04,NULL,NULL,2,2,CONVERSE(匡威 ),NULL,2020-12-31 00:00:00.000,041170A
XPOS,023000,02300,04,NULL,NULL,2,2,OYEA,,2020-12-31 00:00:00.000,041230B
XPOS,023100,02310,04,NULL,NULL,2,2,U.S.P.A.(美國馬球協,NULL,2020-12-31 00:00:00.000,041250C
XPOS,023200,02320,02,NULL,NULL,2,2,FANDECIE(芬狄詩),NULL,2020-12-31 00:00:00.000,020821B
XPOS,023300,02330,03,NULL,NULL,2,2,YU MEI(寓美),NULL,2016-12-31 00:00:00.000,030331B
XPOS,023400,02340,02,NULL,NULL,2,2,SCHIESSER(舒雅),NULL,2016-12-31 00:00:00.000,020830B
XPOS,023500,02350,03,NULL,NULL,2,2,耐爾,NULL,2016-12-31 00:00:00.000,030333B
XPOS,023600,02360,05,NULL,NULL,2,2,PUMA,NULL,2016-12-31 00:00:00.000,050750B
XPOS,023700,02370,05,NULL,NULL,2,2,YONEX(尤尼克斯),NULL,2016-12-31 00:00:00.000,050160A
XPOS,023800,02380,05,NULL,NULL,2,2,YONEX(尤尼克斯),NULL,2016-12-31 00:00:00.000,050160A
XPOS,023900,02390,05,NULL,NULL,2,2,COLUMBIA/GELUNBIYA/C,NULL,2016-12-31 00:00:00.000,050040A
XPOS,024000,02400,05,NULL,NULL,2,2,OZARK GEAR(奧索卡),NULL,2016-12-31 00:00:00.000,050640A
XPOS,024100,02410,04,NULL,NULL,2,2,DESHIFENG(德士風),NULL,2016-12-31 00:00:00.000,040090B
XPOS,024200,02420,04,NULL,NULL,2,2,XBGSZG,NULL,2020-12-31 00:00:00.000,040860B
XPOS,024300,02430,04,NULL,NULL,2,2,SELON(勝龍),NULL,2016-12-31 00:00:00.000,041010B
XPOS,024400,02440,04,NULL,NULL,2,2,JOE/ONE(九牧王),NULL,2016-12-31 00:00:00.000,041000B
XPOS,024500,02450,04,NULL,NULL,2,2,CARTELO(卡帝樂),NULL,2020-12-31 00:00:00.000,041060B
XPOS,024600,02460,04,NULL,NULL,2,2,OMIGER(歐麥格),NULL,2020-12-31 00:00:00.000,041070B
XPOS,024700,02470,03,NULL,NULL,2,2,BARBIE(芭比),NULL,2020-12-31 00:00:00.000,031450C
XPOS,024800,02480,05,NULL,NULL,2,2,KALEETO(凱利特),NULL,2016-12-31 00:00:00.000,050272B
XPOS,024900,02490,03,NULL,NULL,2,2,聰明兒童,NULL,2020-12-31 00:00:00.000,030990B
XPOS,025000,02500,05,NULL,NULL,2,2,025000,NULL,2020-12-31 00:00:00.000,050740B
XPOS,025100,02510,03,NULL,NULL,2,2,樂高,NULL,2020-12-31 00:00:00.000,030990B
XPOS,025200,02520,03,NULL,NULL,2,2,奧迪,NULL,2020-12-31 00:00:00.000,030371B
XPOS,025300,02530,05,NULL,NULL,2,2,米奇,NULL,2020-12-31 00:00:00.000,050851B
XPOS,025400,02540,03,NULL,NULL,2,2,HAOSHA/HOSA(浩沙),NULL,2020-12-31 00:00:00.000,031130B
XPOS,025500,02550,02,NULL,NULL,2,2,莎莎,NULL,2020-12-31 00:00:00.000,020070B
XPOS,025600,02560,05,NULL,NULL,2,2,adidas體育,NULL,2016-12-31 00:00:00.000,050160A
XPOS,025700,02570,05,NULL,NULL,2,2,XTEP(特步),NULL,2020-12-31 00:00:00.000,050920B
XPOS,025800,02580,03,NULL,NULL,2,2,花商時苑,NULL,2016-12-31 00:00:00.000,030332B
XPOS,025900,02590,01,NULL,NULL,2,2,DKNY,NULL,2020-12-31 00:00:00.000,010610B
XPOS,026000,02600,01,NULL,NULL,2,2,POLICE,NULL,2020-12-31 00:00:00.000,010620B
XPOS,026100,02610,01,NULL,NULL,2,2,CARRINO,NULL,2020-12-31 00:00:00.000,010630B
XPOS,026200,02620,03,NULL,NULL,2,2,PEKI(佩琪),NULL,2020-12-31 00:00:00.000,030920B
XPOS,026300,02630,03,NULL,NULL,2,2,老銀匠,NULL,2020-12-31 00:00:00.000,030080A
XPOS,026400,02640,05,NULL,NULL,2,2,YUNHONG(韻泓),NULL,2020-12-31 00:00:00.000,050310A
XPOS,026500,02650,05,NULL,NULL,2,2,Red Roses(紅玫瑰),NULL,2020-12-31 00:00:00.000,050480B
XPOS,026600,02660,05,NULL,NULL,2,2,Hai Ge Lei(海格雷),NULL,2020-12-31 00:00:00.000,050490B
XPOS,026700,02670,05,NULL,NULL,2,2,鶴雲陶瓷,NULL,2020-12-31 00:00:00.000,050520C
XPOS,026800,02680,05,NULL,NULL,2,2,Mother Goose,NULL,2020-12-31 00:00:00.000,050470B
XPOS,026900,02690,05,NULL,NULL,2,2,蘇泊爾,NULL,2020-12-31 00:00:00.000,050460B
XPOS,027000,02700,05,NULL,NULL,2,2,M2(平米家居),NULL,2020-12-31 00:00:00.000,050420B
XPOS,027100,02710,05,NULL,NULL,2,2,金烏炭雕,NULL,2020-12-31 00:00:00.000,050040A
XPOS,027200,02720,02,NULL,NULL,2,2,SEEBSPRINA(賽瑞娜),NULL,2016-12-31 00:00:00.000,020100A
XPOS,027300,02730,02,NULL,NULL,2,2,NOCHI(諾琪),NULL,2020-12-31 00:00:00.000,020340A
XPOS,027400,02740,02,NULL,NULL,2,2,YIEN,NULL,2016-12-31 00:00:00.000,020860B
XPOS,027500,02750,02,NULL,NULL,2,2,天之驕女,NULL,2020-12-31 00:00:00.000,020840B
XPOS,027600,02760,05,NULL,NULL,2,2,Barbie(芭比),NULL,2020-12-31 00:00:00.000,050262B
XPOS,027700,02770,03,NULL,NULL,2,2,CHIPIE,NULL,2020-12-31 00:00:00.000,031130B
XPOS,027800,02780,05,NULL,NULL,2,2,E-LAND KIDS,NULL,2016-12-31 00:00:00.000,050190A
XPOS,027900,02790,05,NULL,NULL,2,2,PAW IN PAW,NULL,2016-12-31 00:00:00.000,050130A
XPOS,028000,02800,03,NULL,NULL,2,2,Aoger(澳捷爾),NULL,2020-12-31 00:00:00.000,031100C
XPOS,028100,02810,05,NULL,NULL,2,2,MICKEY MOUSE(米奇妙),NULL,2016-12-31 00:00:00.000,050792B
XPOS,028200,02820,05,NULL,NULL,2,2,PEARL LIFE(珍珠生活),NULL,2020-12-31 00:00:00.000,050450B
XPOS,028300,02830,05,NULL,NULL,2,2,Miji(米技),NULL,2020-12-31 00:00:00.000,050020A
XPOS,028400,02840,05,NULL,NULL,2,2,Miji(米技),NULL,2020-12-31 00:00:00.000,050020A
XPOS,028500,02850,05,NULL,NULL,2,2,MEYER(美亞),NULL,2020-12-31 00:00:00.000,050010A
XPOS,028600,02860,05,NULL,NULL,2,2,Violetta(維奧萊特),NULL,2020-12-31 00:00:00.000,050500B
XPOS,028700,02870,04,NULL,NULL,2,2,OSIM(傲勝),NULL,2016-12-31 00:00:00.000,041180A
XPOS,028800,02880,05,NULL,NULL,2,2,LOCK&LOCK(樂扣樂扣),NULL,2020-12-31 00:00:00.000,050510B
XPOS,028900,02890,05,NULL,NULL,2,2,KINGCO(京彩),NULL,2020-12-31 00:00:00.000,050530B
XPOS,029000,02900,05,NULL,NULL,2,2,JOY STUDIO(禧坊),NULL,2020-12-31 00:00:00.000,050540B
XPOS,029100,02910,05,NULL,NULL,2,2,SINOMAX(絲露夢/賽諾),NULL,2016-12-31 00:00:00.000,050910B
XPOS,029200,02920,05,NULL,NULL,2,2,OQO(歐克歐),NULL,2020-12-31 00:00:00.000,050030A
XPOS,029300,02930,05,NULL,NULL,2,2,ARCTICFOX,NULL,2020-12-31 00:00:00.000,050070B
XPOS,029400,02940,05,NULL,NULL,2,2,THE NORTH FACE,NULL,2016-06-01 00:00:00.000,050290A
XPOS,029500,02950,05,NULL,NULL,2,2,ANTA(安踏),NULL,2020-12-31 00:00:00.000,050900B
XPOS,029600,02960,05,NULL,NULL,2,2,protonic(波特),NULL,2020-12-31 00:00:00.000,050630B
XPOS,029700,02970,01,NULL,NULL,2,2,BOSS,NULL,2016-12-31 00:00:00.000,010320A
XPOS,029800,02980,01,NULL,NULL,2,2,博柏利,NULL,2016-12-31 00:00:00.000,010310A
XPOS,029900,02990,01,NULL,NULL,2,2,家美樂,NULL,2020-12-31 00:00:00.000,010510A
XPOS,030000,03000,01,NULL,NULL,2,2,H2O+,NULL,2016-12-31 00:00:00.000,010480A
XPOS,030100,03010,01,NULL,NULL,2,2,蘭芝,NULL,2020-12-31 00:00:00.000,010470A
XPOS,030200,03020,01,NULL,NULL,2,2,歐萊雅,,2016-12-31 00:00:00.000,010540A
XPOS,030300,03030,01,NULL,NULL,2,2,美寶蓮,NULL,2016-12-31 00:00:00.000,010530A
XPOS,030400,03040,05,NULL,NULL,2,2,安睡寶,NULL,2020-12-31 00:00:00.000,050380A
XPOS,030500,03050,05,NULL,NULL,2,2,Whinny(惠誼-家紡),,2020-12-31 00:00:00.000,050390A
XPOS,030600,03060,05,NULL,NULL,2,2,澳西奴,NULL,2020-12-31 00:00:00.000,050570B
XPOS,030700,03070,05,NULL,NULL,2,2,家之工房,NULL,2020-12-31 00:00:00.000,050590A
XPOS,030800,03080,05,NULL,NULL,2,2,萬利達,NULL,2020-12-31 00:00:00.000,050690B
XPOS,030900,03090,05,NULL,NULL,2,2,特百惠,NULL,2020-12-31 00:00:00.000,050430B
XPOS,031000,03100,04,NULL,NULL,2,2,創利達,NULL,2020-12-31 00:00:00.000,041260B
XPOS,031100,03110,04,NULL,NULL,2,2,創利達,NULL,2020-12-31 00:00:00.000,041260B
XPOS,031200,03120,04,NULL,NULL,2,2,亞都,NULL,2020-12-31 00:00:00.000,040242B
XPOS,031300,03130,04,NULL,NULL,2,2,富特成,NULL,2020-12-31 00:00:00.000,041310B
XPOS,031400,03140,05,NULL,NULL,2,2,興福誠,NULL,2020-12-31 00:00:00.000,050680B
XPOS,031500,03150,04,NULL,NULL,2,2,金華立,NULL,2020-12-31 00:00:00.000,041250C
XPOS,031600,03160,04,NULL,NULL,2,2,飛利浦,NULL,2016-12-31 00:00:00.000,040220B
XPOS,031700,03170,04,NULL,NULL,2,2,博朗,NULL,2020-12-31 00:00:00.000,041241C
XPOS,031800,03180,04,NULL,NULL,2,2,好運達,NULL,2016-12-31 00:00:00.000,041242C
XPOS,031900,03190,04,NULL,NULL,2,2,科沃斯,NULL,2020-12-31 00:00:00.000,040231B
XPOS,032000,03200,01,NULL,NULL,2,2,雅呵雅,NULL,2016-12-31 00:00:00.000,010500A
XPOS,032100,03210,01,NULL,NULL,2,2,夢妝,NULL,2020-12-31 00:00:00.000,010550B
XPOS,032200,03220,01,NULL,NULL,2,2,red earth,NULL,2020-12-31 00:00:00.000,010520A
XPOS,032300,03230,01,NULL,NULL,2,2,瑞士葆麗美,NULL,2016-12-31 00:00:00.000,010300A
XPOS,032400,03240,01,NULL,NULL,2,2,謝瑞麟鑲嵌,NULL,2016-12-31 00:00:00.000,010350A
XPOS,032500,03250,01,NULL,NULL,2,2,謝瑞麟K金,NULL,2016-12-31 00:00:00.000,010350A
XPOS,032600,03260,01,NULL,NULL,2,2,瑞恩K金,NULL,2020-12-31 00:00:00.000,010430A
XPOS,032700,03270,01,NULL,NULL,2,2,瑞恩鑲嵌,NULL,2020-12-31 00:00:00.000,010430A
XPOS,032800,03280,01,NULL,NULL,2,2,戴夢得K金,NULL,2020-12-31 00:00:00.000,010450A
XPOS,032900,03290,01,NULL,NULL,2,2,戴夢得鑲嵌,NULL,2020-12-31 00:00:00.000,010450A
XPOS,033000,03300,01,NULL,NULL,2,2,周大生K金,NULL,2020-12-31 00:00:00.000,010440B
XPOS,033100,03310,01,NULL,NULL,2,2,周大生鑲嵌,NULL,2020-12-31 00:00:00.000,010440B
XPOS,033200,03320,01,NULL,NULL,2,2,周大生黃金,NULL,2020-12-31 00:00:00.000,010440B
XPOS,033300,03330,01,NULL,NULL,2,2,周大福黃金擺件,NULL,2016-12-31 00:00:00.000,010340A
XPOS,033400,03340,01,NULL,NULL,2,2,周大福K金,NULL,2016-12-31 00:00:00.000,010340A
XPOS,033500,03350,01,NULL,NULL,2,2,周大福鉑金,NULL,2016-12-31 00:00:00.000,010340A
XPOS,033600,03360,01,NULL,NULL,2,2,周大福鑲嵌,NULL,2016-12-31 00:00:00.000,010340A
XPOS,033700,03370,01,NULL,NULL,2,2,周大福黃金,,2016-12-31 00:00:00.000,010340A
XPOS,033800,03380,01,NULL,NULL,2,2,周大福寶石,NULL,2016-12-31 00:00:00.000,010340A
XPOS,033900,03390,01,NULL,NULL,2,2,周大福銀飾,,2020-12-31 00:00:00.000,010340A
XPOS,034000,03400,01,NULL,NULL,2,2,金至尊鑲嵌,NULL,2020-12-31 00:00:00.000,010370A
XPOS,034100,03410,01,NULL,NULL,2,2,金至尊K金,NULL,2020-12-31 00:00:00.000,010370A
XPOS,034200,03420,01,NULL,NULL,2,2,金至尊鉑金,NULL,2020-12-31 00:00:00.000,010370A
XPOS,034300,03430,01,NULL,NULL,2,2,金至尊黃金飾品,NULL,2020-12-31 00:00:00.000,010370A
XPOS,034400,03440,01,NULL,NULL,2,2,金至尊黃金擺件,NULL,2020-12-31 00:00:00.000,010370A
XPOS,034500,03450,01,NULL,NULL,2,2,ENZO鑲嵌,NULL,2016-12-31 00:00:00.000,010380A
XPOS,034600,03460,01,NULL,NULL,2,2,I DO鑲嵌,NULL,2020-12-31 00:00:00.000,010390A
XPOS,034700,03470,01,NULL,NULL,2,2,I DO鉑金,NULL,2016-12-31 00:00:00.000,010390A
XPOS,034800,03480,01,NULL,NULL,2,2,I DO K金,NULL,2020-12-31 00:00:00.000,010390A
XPOS,034900,03490,01,NULL,NULL,2,2,I DO克拉鑽,NULL,2020-12-31 00:00:00.000,010390A
XPOS,035000,03500,03,NULL,NULL,2,2,堡獅龍,NULL,2020-12-31 00:00:00.000,030790B
XPOS,035100,03510,03,NULL,NULL,2,2,堡獅龍,NULL,2020-12-31 00:00:00.000,030790B
XPOS,035200,03520,04,NULL,NULL,2,2,文具,NULL,2020-12-31 00:00:00.000,041320B
XPOS,035300,03530,03,NULL,NULL,2,2,BOSSINISTYLE,NULL,2016-12-31 00:00:00.000,030900B
XPOS,035400,03540,03,NULL,NULL,2,2,BOSSINISTYLE,NULL,2016-12-31 00:00:00.000,030900B
XPOS,035500,03550,03,NULL,NULL,2,2,百圖,NULL,2016-12-31 00:00:00.000,030880B
XPOS,035600,03560,03,NULL,NULL,2,2,ESPRIT,NULL,2016-12-31 00:00:00.000,030040A
XPOS,035700,03570,03,NULL,NULL,2,2,ESPRIT,NULL,2020-12-31 00:00:00.000,030040A
XPOS,035800,03580,03,NULL,NULL,2,2,海盜船,NULL,2020-12-31 00:00:00.000,030070A
XPOS,035900,03590,04,NULL,NULL,2,2,ESPRIT,NULL,2020-12-31 00:00:00.000,040450A
XPOS,036000,03600,04,NULL,NULL,2,2,ESPRIT,NULL,2020-12-31 00:00:00.000,040450A
XPOS,036100,03610,04,NULL,NULL,2,2,LEO,NULL,2020-12-31 00:00:00.000,040510A
XPOS,036200,03620,04,NULL,NULL,2,2,LEO,NULL,2020-12-31 00:00:00.000,040510A
XPOS,036300,03630,01,NULL,NULL,2,2,IN STYLE(迎時尚),NULL,2020-12-31 00:00:00.000,010010A
XPOS,036400,03640,03,NULL,NULL,2,2,adidas兒童,NULL,2020-12-31 00:00:00.000,030300B
XPOS,036500,03650,02,NULL,NULL,2,2,ZHAOJUN(兆君),NULL,2020-12-31 00:00:00.000,020810B
XPOS,036600,03660,01,NULL,NULL,2,2,老鳳祥,NULL,2016-12-31 00:00:00.000,010420A
XPOS,036700,03670,01,NULL,NULL,2,2,老鳳祥K金,NULL,2016-12-31 00:00:00.000,010420A
XPOS,036800,03680,01,NULL,NULL,2,2,老鳳祥,NULL,2016-12-31 00:00:00.000,010420A
XPOS,036900,03690,01,NULL,NULL,2,2,老鳳祥,NULL,2016-12-31 00:00:00.000,010420A
XPOS,037000,03700,01,NULL,NULL,2,2,Timey鑽飾鑲嵌,NULL,2020-12-31 00:00:00.000,010410A
XPOS,037100,03710,01,NULL,NULL,2,2,TimeyK金,NULL,2020-12-31 00:00:00.000,010410A
XPOS,037200,03720,03,NULL,NULL,2,2,歐時力,NULL,2020-12-31 00:00:00.000,030480A
XPOS,037300,03730,03,NULL,NULL,2,2,G2000 ladies,NULL,2020-12-31 00:00:00.000,030820B
XPOS,037400,03740,04,NULL,NULL,2,2,G2000men,NULL,2020-12-31 00:00:00.000,040610A
XPOS,037500,03750,01,NULL,NULL,2,2,ENZO寶石,NULL,2016-12-31 00:00:00.000,010380A
XPOS,037600,03760,01,NULL,NULL,2,2,ENZO擺件/金條,NULL,2020-12-31 00:00:00.000,010380A
XPOS,037700,03770,02,NULL,NULL,2,2,LAVINIA(拉維妮婭）,NULL,2020-12-31 00:00:00.000,020270A
XPOS,037800,03780,02,NULL,NULL,2,2,LAVINIA(拉維妮婭),NULL,2016-12-31 00:00:00.000,020270A
XPOS,037900,03790,01,NULL,NULL,2,2,BeLLE(百麗),NULL,2020-12-31 00:00:00.000,010050A
XPOS,038000,03800,01,NULL,NULL,2,2,M.TSUBOMI,NULL,2020-12-31 00:00:00.000,010700A
XPOS,038100,03810,01,NULL,NULL,2,2,DHC(蝶翠詩),NULL,2016-12-31 00:00:00.000,010280A
XPOS,038200,03820,04,NULL,NULL,2,2,NEW BALANCE(新百倫),NULL,2020-12-31 00:00:00.000,040330B
XPOS,038300,03830,05,NULL,NULL,2,2,Hama,NULL,2020-12-31 00:00:00.000,050950B
XPOS,038400,03840,04,NULL,NULL,2,2,法籐,NULL,2020-12-31 00:00:00.000,041220B
XPOS,038500,03850,03,NULL,NULL,2,2,SMG,NULL,2020-12-31 00:00:00.000,030510A
XPOS,038600,03860,04,NULL,NULL,2,2,LOZIO(羅茜奧),NULL,2020-12-31 00:00:00.000,040030A
XPOS,038700,03870,01,NULL,NULL,2,2,MAMONDE(夢妝),NULL,2016-12-31 00:00:00.000,010520A
XPOS,038800,03880,02,NULL,NULL,2,2,SI WEI ER(緦緯爾),NULL,2020-12-31 00:00:00.000,020741B
XPOS,038900,03890,04,NULL,NULL,2,2,CN,NULL,2020-12-31 00:00:00.000,040940B
XPOS,039000,03900,04,NULL,NULL,2,2,SEER(西遠),NULL,2020-12-31 00:00:00.000,040950B
XPOS,039100,03910,02,NULL,NULL,2,2,KGG(卡祺),NULL,2020-12-31 00:00:00.000,020650B
XPOS,039200,03920,02,NULL,NULL,2,2,格雷格爾,NULL,2020-12-31 00:00:00.000,020741B
XPOS,039300,03930,02,NULL,NULL,2,2,JINYI(金逸),NULL,2020-12-31 00:00:00.000,020410B
XPOS,039400,03940,03,NULL,NULL,2,2,ROEM(羅艷),NULL,2016-12-31 00:00:00.000,030140A
XPOS,039500,03950,02,NULL,NULL,2,2,AZONA,NULL,2020-12-31 00:00:00.000,020160A
XPOS,039600,03960,03,NULL,NULL,2,2,SCAT,NULL,2020-12-31 00:00:00.000,030550A
XPOS,039700,03970,02,NULL,NULL,2,2,詩影,NULL,2020-12-31 00:00:00.000,020731B
XPOS,039800,03980,04,NULL,NULL,2,2,金利寶,NULL,2020-12-31 00:00:00.000,041340A
XPOS,039900,03990,03,NULL,NULL,2,2,VERO MODA(classic),NULL,2016-12-31 00:00:00.000,030890A
XPOS,040000,04000,05,NULL,NULL,2,2,X-MOOM,NULL,2020-12-31 00:00:00.000,050310A
XPOS,040100,04010,03,NULL,NULL,2,2,adidas嬰童,NULL,2020-12-31 00:00:00.000,030360B
XPOS,040200,04020,03,NULL,NULL,2,2,TECGAR(特格意),NULL,2020-12-31 00:00:00.000,033800B
XPOS,040300,04030,03,NULL,NULL,2,2,JESSI MODE,NULL,2020-12-31 00:00:00.000,030930B
XPOS,040400,04040,03,NULL,NULL,2,2,S.REPHEN(薩妮瑞芬),NULL,2020-12-31 00:00:00.000,030550A
XPOS,040500,04050,03,NULL,NULL,2,2,ETAM (艾格)週末,NULL,2016-12-31 00:00:00.000,030590A
XPOS,040600,04060,01,NULL,NULL,2,2,CHOWTAIFOOK(周大福),NULL,2020-12-31 00:00:00.000,010340A
XPOS,040700,04070,04,NULL,NULL,2,2,KUHLE(酷),NULL,2020-12-31 00:00:00.000,041170A
XPOS,040800,04080,05,NULL,NULL,2,2,愛法貝,NULL,2016-12-31 00:00:00.000,050281B
XPOS,040900,04090,03,NULL,NULL,2,2,秋水伊人,NULL,2020-12-31 00:00:00.000,035200B
XPOS,041000,04100,02,NULL,NULL,2,2,TIME your TIME,NULL,2020-12-31 00:00:00.000,020300A
XPOS,041100,04110,01,NULL,NULL,2,2,瑞恩,NULL,2016-12-31 00:00:00.000,014700A
XPOS,041200,04120,01,NULL,NULL,2,2,Timey鑽飾鉑金,NULL,2020-12-31 00:00:00.000,014500A
XPOS,041300,04130,03,NULL,NULL,2,2,G2000 men,NULL,2020-12-31 00:00:00.000,030820B
XPOS,041400,04140,04,NULL,NULL,2,2,皮爾卡丹,NULL,2016-12-31 00:00:00.000,040230C
XPOS,041500,04150,04,NULL,NULL,2,2,聖大保羅,NULL,2020-12-31 00:00:00.000,040610A
XPOS,041600,04160,04,NULL,NULL,2,2,RBIKE騎達,NULL,2020-12-31 00:00:00.000,040360A
XPOS,041700,04170,04,NULL,NULL,2,2,蒼龍,NULL,2020-12-31 00:00:00.000,041340A
XPOS,041800,04180,03,NULL,NULL,2,2,see U soon,NULL,2020-12-31 00:00:00.000,035600B
XPOS,041900,04190,03,NULL,NULL,2,2,大黃蜂,NULL,2020-12-31 00:00:00.000,030220C
XPOS,042000,04200,02,NULL,NULL,2,2,昊騰,NULL,2020-12-31 00:00:00.000,020650B
XPOS,042100,04210,05,NULL,NULL,2,2,FILA,NULL,2020-12-31 00:00:00.000,050910B
XPOS,042200,04220,01,NULL,NULL,2,2,老鳳祥 金條,NULL,2016-12-31 00:00:00.000,010420A
XPOS,042300,04230,01,NULL,NULL,2,2,Comoni,NULL,2020-12-31 00:00:00.000,010100A
XPOS,042400,04240,04,NULL,NULL,2,2,Haoxing(豪行),NULL,2020-12-31 00:00:00.000,040640B
XPOS,042500,04250,04,NULL,NULL,2,2,牡馬人(HERDSMAN),NULL,2020-12-31 00:00:00.000,040650B
XPOS,042600,04260,01,NULL,NULL,2,2,BADISDY,NULL,2020-12-31 00:00:00.000,010410C
XPOS,042700,04270,03,NULL,NULL,2,2,HAMA,NULL,2020-12-31 00:00:00.000,030400A
XPOS,042800,04280,01,NULL,NULL,2,2,奧卡索,NULL,2015-12-31 00:00:00.000,010590A
XPOS,042900,04290,01,NULL,NULL,2,2,COUBER.G,NULL,2020-12-31 00:00:00.000,010670B
XPOS,043000,04300,03,NULL,NULL,2,2,LEGO(樂高),NULL,2020-12-31 00:00:00.000,030990B
XPOS,043100,04310,05,NULL,NULL,2,2,匡威,NULL,2016-12-31 00:00:00.000,050630B
XPOS,043200,04320,02,NULL,NULL,2,2,舒朗,NULL,2020-12-31 00:00:00.000,020370A
XPOS,043300,04330,03,NULL,NULL,2,2,XITIZEN(西鐵城),NULL,2016-12-31 00:00:00.000,030070A
XPOS,043400,04340,02,NULL,NULL,2,2,敦奴,NULL,2016-12-31 00:00:00.000,020030A
XPOS,043500,04350,02,NULL,NULL,2,2,GALADAY,NULL,2016-12-31 00:00:00.000,020080B
XPOS,043600,04360,03,NULL,NULL,2,2,043600,NULL,2020-12-31 00:00:00.000,031110B
XPOS,043700,04370,05,NULL,NULL,2,2,KAPPA,NULL,2016-12-31 00:00:00.000,050180A
XPOS,043800,04380,01,NULL,NULL,2,2,GIORGIO ARMANI,NULL,2020-12-31 00:00:00.000,010330A
XPOS,043900,04390,04,NULL,NULL,2,2,CN,NULL,2020-12-31 00:00:00.000,040940B
XPOS,044000,04400,04,NULL,NULL,2,2,皮爾卡丹,NULL,2020-12-31 00:00:00.000,040090B
XPOS,044100,04410,01,NULL,NULL,2,2,家美樂,NULL,2016-12-31 00:00:00.000,010510A
XPOS,044200,04420,01,NULL,NULL,2,2,周大福,NULL,2020-12-31 00:00:00.000,010340A
XPOS,044300,04430,04,NULL,NULL,2,2,HARDRIVE,NULL,2020-12-31 00:00:00.000,041300B
XPOS,044400,04440,04,NULL,NULL,2,2,墨達人,NULL,2020-12-31 00:00:00.000,041040B
XPOS,044500,04450,04,NULL,NULL,2,2,hippo,NULL,2020-12-31 00:00:00.000,040950B
XPOS,044600,04460,04,NULL,NULL,2,2,TRAVELPRO(特普羅鐵塔,NULL,2020-12-31 00:00:00.000,041340A
XPOS,044700,04470,04,NULL,NULL,2,2,FRIENDSCO(法都),NULL,2020-12-31 00:00:00.000,041060B
XPOS,044800,04480,04,NULL,NULL,2,2,ROMASTER,NULL,2020-12-31 00:00:00.000,040510A
XPOS,044900,04490,04,NULL,NULL,2,2,WENGER,NULL,2016-06-01 00:00:00.000,040100B
XPOS,045000,04500,02,NULL,NULL,2,2,E E'STOREY(名典屋),NULL,2016-12-31 00:00:00.000,020370A
XPOS,045100,04510,04,NULL,NULL,2,2,SELECTED,NULL,2016-12-31 00:00:00.000,040120A
XPOS,045200,04520,02,NULL,NULL,2,2,JIAODING(嬌鼎),NULL,2020-12-31 00:00:00.000,020340A
XPOS,045300,04530,01,NULL,NULL,2,2,JOY & PEACE(真美詩),NULL,2020-12-31 00:00:00.000,010050A
XPOS,045400,04540,02,NULL,NULL,2,2,AMPHI,NULL,2020-12-31 00:00:00.000,020850B
XPOS,045500,04550,05,NULL,NULL,2,2,OHOO,NULL,2020-12-31 00:00:00.000,050150A
XPOS,045600,04560,03,NULL,NULL,2,2,ETAM,NULL,2016-12-31 00:00:00.000,030590A
XPOS,045700,04570,05,NULL,NULL,2,2,ZOKE(洲克),NULL,2020-12-31 00:00:00.000,050950B
XPOS,045800,04580,04,NULL,NULL,2,2,GXG,NULL,2016-12-31 00:00:00.000,040160A
XPOS,045900,04590,04,NULL,NULL,2,2,CANON(佳能),NULL,2020-12-31 00:00:00.000,041220B
XPOS,046000,04600,04,NULL,NULL,2,2,CANON(佳能),NULL,2020-12-31 00:00:00.000,041220B
XPOS,046100,04610,03,NULL,NULL,2,2,MIKIBANA,NULL,2016-12-31 00:00:00.000,030130A
XPOS,046200,04620,03,NULL,NULL,2,2,LEVI'S(利惠),NULL,2016-12-31 00:00:00.000,030920B
XPOS,046300,04630,03,NULL,NULL,2,2,MIGAINO(曼婭奴),NULL,2020-12-31 00:00:00.000,030860B
XPOS,046400,04640,02,NULL,NULL,2,2,UNITED COLORS OF BEN,NULL,2020-12-31 00:00:00.000,020720B
XPOS,046500,04650,05,NULL,NULL,2,2,英氏,NULL,2020-12-31 00:00:00.000,050710B
XPOS,046600,04660,04,NULL,NULL,2,2,伊萊克斯(Electrolux),NULL,2020-12-31 00:00:00.000,040241B
XPOS,046700,04670,02,NULL,NULL,2,2,EIFFEL(艾菲爾),NULL,2020-12-31 00:00:00.000,020741B
XPOS,046800,04680,05,NULL,NULL,2,2,SILVERLIT(銀輝玩具),NULL,2016-12-31 00:00:00.000,050750B
XPOS,046900,04690,03,NULL,NULL,2,2,空中天使,NULL,2020-12-31 00:00:00.000,031062B
XPOS,047000,04700,05,NULL,NULL,2,2,MALI MARI HOME,NULL,2016-12-31 00:00:00.000,050110A
XPOS,047100,04710,03,NULL,NULL,2,2,摩根及麥洛,NULL,2020-12-31 00:00:00.000,031070B
XPOS,047200,04720,03,NULL,NULL,2,2,GIGO(智高),NULL,2020-12-31 00:00:00.000,030390A
XPOS,047300,04730,05,NULL,NULL,2,2,HALLMARK,NULL,2016-12-31 00:00:00.000,050120A
XPOS,047400,04740,02,NULL,NULL,2,2,L'ALPINA,NULL,2020-12-31 00:00:00.000,020730B
XPOS,047500,04750,04,NULL,NULL,2,2,EHOMME/ETAM HOMME,NULL,2020-12-31 00:00:00.000,040360A
XPOS,047600,04760,04,NULL,NULL,2,2,PLORY,NULL,2016-12-31 00:00:00.000,040121A
XPOS,047700,04770,01,NULL,NULL,2,2,HERBORIST(佰草集),NULL,2020-12-31 00:00:00.000,010582B
XPOS,047800,04780,03,NULL,NULL,2,2,MNG,NULL,2020-12-31 00:00:00.000,030450A
XPOS,047900,04790,03,NULL,NULL,2,2,FIVE PLUS,NULL,2016-12-31 00:00:00.000,030710A
XPOS,048000,04800,04,NULL,NULL,2,2,雅戈爾,NULL,2016-12-31 00:00:00.000,040960B
XPOS,048100,04810,03,NULL,NULL,2,2,G2000,NULL,2016-12-31 00:00:00.000,030870B
XPOS,048200,04820,01,NULL,NULL,2,2,TISSOT,NULL,2020-12-31 00:00:00.000,010070A
XPOS,048300,04830,03,NULL,NULL,2,2,S.REPHEN(薩妮瑞芬),NULL,2020-12-31 00:00:00.000,030750B
XPOS,048400,04840,04,NULL,NULL,2,2,CARDKAI(歌德克依),NULL,2016-12-31 00:00:00.000,040570A
XPOS,048500,04850,01,NULL,NULL,2,2,拉薇,,2020-12-31 00:00:00.000,010030B
XPOS,048600,04860,04,NULL,NULL,2,2,ROCKPORT(樂步),NULL,2020-12-31 00:00:00.000,041150B
XPOS,048700,04870,05,NULL,NULL,2,2,凱迪龍,NULL,2020-12-31 00:00:00.000,050851B
XPOS,048800,04880,04,NULL,NULL,2,2,KIN DON(金盾),NULL,2020-12-31 00:00:00.000,040850B
XPOS,048900,04890,04,NULL,NULL,2,2,SONY(索尼),NULL,2016-12-31 00:00:00.000,040160A
XPOS,049000,04900,04,NULL,NULL,2,2,049000,NULL,2015-12-31 00:00:00.000,040160A
XPOS,049100,04910,02,NULL,NULL,2,2,LES LUNEIDES,NULL,2020-12-31 00:00:00.000,020240B
XPOS,049200,04920,05,NULL,NULL,2,2,HAOSHA/HOSA(浩沙),NULL,2016-12-31 00:00:00.000,050790B
XPOS,049300,04930,05,NULL,NULL,2,2,PEAK(匹克),NULL,2020-12-31 00:00:00.000,050180A
XPOS,049400,04940,01,NULL,NULL,2,2,周大生-鑲嵌,NULL,2016-12-31 00:00:00.000,010440B
XPOS,049500,04950,01,NULL,NULL,2,2,周大生-K金,NULL,2016-12-31 00:00:00.000,010440B
XPOS,049600,04960,01,NULL,NULL,2,2,周大生,NULL,2016-12-31 00:00:00.000,010440B
XPOS,049700,04970,01,NULL,NULL,2,2,周大生-黃金擺件,NULL,2016-12-31 00:00:00.000,010440B
XPOS,049800,04980,03,NULL,NULL,2,2,OCHIRLY(歐時力),NULL,2016-12-31 00:00:00.000,030480A
XPOS,049900,04990,02,NULL,NULL,2,2,VEVA,NULL,2020-12-31 00:00:00.000,020970B
XPOS,050000,05000,01,NULL,NULL,2,2,芭芬,,2020-12-31 00:00:00.000,010030B
XPOS,050100,05010,01,NULL,NULL,2,2,名郎,NULL,2020-12-31 00:00:00.000,010140C
XPOS,050200,05020,01,NULL,NULL,2,2,歐羅芭,NULL,2020-12-31 00:00:00.000,010030B
XPOS,050300,05030,05,NULL,NULL,2,2,MIZUNO(美津濃),NULL,2020-12-31 00:00:00.000,050750B
XPOS,050400,05040,05,NULL,NULL,2,2,REEBOK(銳步),NULL,2020-12-31 00:00:00.000,050240B
XPOS,050500,05050,05,NULL,NULL,2,2,ERKE(鴻星爾克),NULL,2020-12-31 00:00:00.000,050880C
XPOS,050600,05060,05,NULL,NULL,2,2,GOODBABY(好孩子),NULL,2016-12-31 00:00:00.000,050800B
XPOS,050700,05070,05,NULL,NULL,2,2,GOODBABY(好孩子),NULL,2016-12-31 00:00:00.000,050810B
XPOS,050800,05080,04,NULL,NULL,2,2,FILA,NULL,2016-12-31 00:00:00.000,040980A
XPOS,050900,05090,01,NULL,NULL,2,2,善玉緣,NULL,2016-12-31 00:00:00.000,010400A
XPOS,051000,05100,03,NULL,NULL,2,2,ATTOS,NULL,2020-12-31 00:00:00.000,030980B
XPOS,051100,05110,03,NULL,NULL,2,2,ATTOS,NULL,2020-12-31 00:00:00.000,030970B
XPOS,051200,05120,03,NULL,NULL,2,2,ATTOS,NULL,2020-12-31 00:00:00.000,030980B
XPOS,051300,05130,03,NULL,NULL,2,2,BEFLY(芭特爾芙萊),NULL,2015-12-31 00:00:00.000,030931B
XPOS,051400,05140,02,NULL,NULL,2,2,COCOON,NULL,2016-12-31 00:00:00.000,020180A
XPOS,051500,05150,03,NULL,NULL,2,2,ARIKI,NULL,2020-12-31 00:00:00.000,030950B
XPOS,051600,05160,03,NULL,NULL,2,2,DOUBLEFEAC,NULL,2020-12-31 00:00:00.000,030080A
XPOS,051700,05170,03,NULL,NULL,2,2,LANKAFF(蘭閨坊),NULL,2020-12-31 00:00:00.000,030070A
XPOS,051800,05180,01,NULL,NULL,2,2,大雄珠寶,NULL,2020-12-31 00:00:00.000,010410B
XPOS,051900,05190,01,NULL,NULL,2,2,大雄珠寶,NULL,2020-12-31 00:00:00.000,010410B
XPOS,052000,05200,03,NULL,NULL,2,2,鈦度.空間,NULL,2016-12-31 00:00:00.000,030950B
XPOS,052100,05210,03,NULL,NULL,2,2,哈.貝比,NULL,2020-12-31 00:00:00.000,030191A
XPOS,052200,05220,04,NULL,NULL,2,2,PIERRE CARDIN(皮爾, ,2016-12-31 00:00:00.000,040932B
XPOS,052300,05230,03,NULL,NULL,2,2,adidas,NULL,2020-12-31 00:00:00.000,030180A
XPOS,052400,05240,05,NULL,NULL,2,2,NBA,NULL,2020-12-31 00:00:00.000,050950B
XPOS,052500,05250,03,NULL,NULL,2,2,福兒樂,NULL,2016-12-31 00:00:00.000,031050C
XPOS,052600,05260,01,NULL,NULL,2,2,美度,NULL,2020-12-31 00:00:00.000,010022B
XPOS,052700,05270,01,NULL,NULL,2,2,寶曼,NULL,2020-12-31 00:00:00.000,010021B
XPOS,052800,05280,03,NULL,NULL,2,2,ESPRIT女裝,NULL,2016-12-31 00:00:00.000,030050A
XPOS,052900,05290,04,NULL,NULL,2,2,ESPRIT男裝,NULL,2016-12-31 00:00:00.000,040450A
XPOS,053000,05300,05,NULL,NULL,2,2,Adidas(包),NULL,2016-12-31 00:00:00.000,050950B
XPOS,053100,05310,01,NULL,NULL,2,2,KEER(千葉),NULL,2016-12-31 00:00:00.000,010450A
XPOS,053200,05320,01,NULL,NULL,2,2,KEER(千葉),NULL,2016-12-31 00:00:00.000,010450A
XPOS,053300,05330,01,NULL,NULL,2,2,KEER(千葉),NULL,2016-12-31 00:00:00.000,040450A
XPOS,053400,05340,01,NULL,NULL,2,2,千葉-K金,NULL,2020-12-31 00:00:00.000,010450A
XPOS,053500,05350,01,NULL,NULL,2,2,千葉-鉑金,NULL,2020-12-31 00:00:00.000,010450A
XPOS,053600,05360,03,NULL,NULL,2,2,LITTLE BOBDOG(巴布豆,NULL,2020-12-31 00:00:00.000,031120B
XPOS,053700,05370,02,NULL,NULL,2,2,三槍,NULL,2020-12-31 00:00:00.000,020070B
XPOS,053800,05380,05,NULL,NULL,2,2,MIRABELL(美麗寶),NULL,2020-12-31 00:00:00.000,050950B
XPOS,053900,05390,04,NULL,NULL,2,2,KOLUMB(哥侖步),NULL,2020-12-31 00:00:00.000,041300B
XPOS,054000,05400,04,NULL,NULL,2,2,ACME(阿珂姆),NULL,2020-12-31 00:00:00.000,040160A
XPOS,054100,05410,03,NULL,NULL,2,2,LTG,NULL,2020-12-31 00:00:00.000,030950B
XPOS,054200,05420,01,NULL,NULL,2,2,red earch(紅地球),NULL,2020-12-31 00:00:00.000,010520A
XPOS,054300,05430,05,NULL,NULL,2,2,NIKE(耐克),NULL,2016-12-31 00:00:00.000,050090A
XPOS,054400,05440,01,NULL,NULL,2,2,CITIZEN(西鐵城),NULL,2020-12-31 00:00:00.000,010380B
XPOS,054500,05450,05,NULL,NULL,2,2,英雄,NULL,2016-12-31 00:00:00.000,050950B
XPOS,054600,05460,05,NULL,NULL,2,2,英雄,NULL,2016-12-31 00:00:00.000,050950B
XPOS,054700,05470,03,NULL,NULL,2,2,EMBRY FORM(安莉芳),NULL,2016-12-31 00:00:00.000,030310B
XPOS,054800,05480,03,NULL,NULL,2,2,FANDECIE(芬狄詩),NULL,2016-12-31 00:00:00.000,031090B
XPOS,054900,05490,05,NULL,NULL,2,2,054900,NULL,2020-12-31 00:00:00.000,050852B
XPOS,055000,05500,05,NULL,NULL,2,2,SPEEDO,NULL,2016-12-31 00:00:00.000,050852B
XPOS,055100,05510,04,NULL,NULL,2,2,EVE DE UOMO,NULL,2016-12-31 00:00:00.000,041070B
XPOS,055200,05520,01,NULL,NULL,2,2,恆昌,NULL,2016-12-31 00:00:00.000,010410B
XPOS,055300,05530,02,NULL,NULL,2,2,E E'STOREY(名典屋),NULL,2016-12-31 00:00:00.000,020820B
XPOS,055400,05540,01,NULL,NULL,2,2,STELLALUNA,NULL,2016-12-31 00:00:00.000,010040A
XPOS,055500,05550,05,NULL,NULL,2,2,VANS,NULL,2020-12-31 00:00:00.000,050280A
XPOS,055600,05560,01,NULL,NULL,2,2,IPOD,NULL,2016-12-31 00:00:00.000,010290A
XPOS,055700,05570,01,NULL,NULL,2,2,IPOD APPLE原裝配件,NULL,2016-12-31 00:00:00.000,010290A
XPOS,055800,05580,01,NULL,NULL,2,2,IPOD,NULL,2016-12-31 00:00:00.000,010290A
XPOS,055900,05590,05,NULL,NULL,2,2,DIADORA,NULL,2020-12-31 00:00:00.000,050890C
XPOS,056000,05600,05,NULL,NULL,2,2,昱璐(YULU),NULL,2016-12-31 00:00:00.000,050282B
XPOS,056100,05610,02,NULL,NULL,2,2,SIERLI.COLLECTION(絲,NULL,2016-12-31 00:00:00.000,020120B
XPOS,056200,05620,04,NULL,NULL,2,2,曼哥夫,NULL,2020-12-31 00:00:00.000,041270B
XPOS,056300,05630,05,NULL,NULL,2,2,建儂,NULL,2016-12-31 00:00:00.000,050880C
XPOS,056400,05640,04,NULL,NULL,2,2,blaihliton,NULL,2020-12-31 00:00:00.000,041340A
XPOS,056500,05650,04,NULL,NULL,2,2,US.POLO.ASSN,NULL,2016-12-31 00:00:00.000,041353B
XPOS,056600,05660,02,NULL,NULL,2,2,奧柔拉,NULL,2020-12-31 00:00:00.000,020929B
XPOS,056700,05670,05,NULL,NULL,2,2,黃色小鴨,NULL,2016-12-31 00:00:00.000,050740B
XPOS,056800,05680,05,NULL,NULL,2,2,LEGO(樂高),NULL,2016-12-31 00:00:00.000,050261B
XPOS,056900,05690,04,NULL,NULL,2,2,羅蒙,NULL,2020-12-31 00:00:00.000,040630A
XPOS,057000,05700,02,NULL,NULL,2,2,DELUXE AND VINCI/D&V,NULL,2016-12-31 00:00:00.000,020160A
XPOS,057100,05710,02,NULL,NULL,2,2,les 100 ciels,NULL,2015-12-31 00:00:00.000,020210A
XPOS,057200,05720,02,NULL,NULL,2,2,CUE,NULL,2015-12-31 00:00:00.000,020220A
XPOS,057300,05730,02,NULL,NULL,2,2,G.JAMEI,NULL,2020-12-31 00:00:00.000,020270A
XPOS,057400,05740,02,NULL,NULL,2,2,高田,NULL,2016-12-31 00:00:00.000,020140A
XPOS,057500,05750,03,NULL,NULL,2,2,PEPCO(小豬班納),NULL,2016-12-31 00:00:00.000,030372B
XPOS,057600,05760,03,NULL,NULL,2,2,057600,NULL,2020-12-31 00:00:00.000,030371B
XPOS,057700,05770,05,NULL,NULL,2,2,SINAINA(斯乃納),NULL,2016-12-31 00:00:00.000,050840B
XPOS,057800,05780,04,NULL,NULL,2,2,ZIEYAGM,NULL,2016-12-31 00:00:00.000,041040B
XPOS,057900,05790,03,NULL,NULL,2,2,AMIAMO,NULL,2020-12-31 00:00:00.000,030950B
XPOS,058000,05800,01,NULL,NULL,2,2,VICHY(薇姿),NULL,2016-12-31 00:00:00.000,010600B
XPOS,058100,05810,01,NULL,NULL,2,2,LA ROCHR-POSAY(理膚),NULL,2016-12-31 00:00:00.000,010600B
XPOS,058200,05820,02,NULL,NULL,2,2,麗天妮,NULL,2020-12-31 00:00:00.000,020720B
XPOS,058300,05830,01,NULL,NULL,2,2,安瑪麗,NULL,2020-12-31 00:00:00.000,010640B
XPOS,058400,05840,01,NULL,NULL,2,2,union,NULL,2020-12-31 00:00:00.000,010140C
XPOS,058500,05850,01,NULL,NULL,2,2,卡迪娜,NULL,2016-12-31 00:00:00.000,010640B
XPOS,058600,05860,01,NULL,NULL,2,2,米蓮諾,NULL,2020-12-31 00:00:00.000,010312C
XPOS,058700,05870,04,NULL,NULL,2,2,McEarl,NULL,2020-12-31 00:00:00.000,040110B
XPOS,058800,05880,02,NULL,NULL,2,2,沐蕾迪,NULL,2015-12-31 00:00:00.000,020120B
XPOS,058900,05890,04,NULL,NULL,2,2,SCOFIELD(斯克菲爾德),NULL,2016-12-31 00:00:00.000,040450A
XPOS,059000,05900,03,NULL,NULL,2,2,DISNEY,NULL,2020-12-31 00:00:00.000,031000B
XPOS,059100,05910,01,NULL,NULL,2,2,伊耐爾,NULL,2020-12-31 00:00:00.000,010130B
XPOS,059200,05920,02,NULL,NULL,2,2,Gowani,NULL,2020-12-31 00:00:00.000,020460A
XPOS,059300,05930,02,NULL,NULL,2,2,SEFON(臣楓),NULL,2016-12-31 00:00:00.000,020230A
XPOS,059400,05940,03,NULL,NULL,2,2,AEROSOLES(愛柔仕),NULL,2020-12-31 00:00:00.000,030070A
XPOS,059500,05950,01,NULL,NULL,2,2,通靈-K鉑金,NULL,2020-12-31 00:00:00.000,010830A
XPOS,059600,05960,01,NULL,NULL,2,2,通靈-鑲嵌,NULL,2020-12-31 00:00:00.000,010830A
XPOS,059700,05970,01,NULL,NULL,2,2,通靈-翡翠,NULL,2020-12-31 00:00:00.000,010830A
XPOS,059800,05980,04,NULL,NULL,2,2,諾奇,NULL,2015-12-31 00:00:00.000,040680B
XPOS,059900,05990,03,NULL,NULL,2,2,CELDEN,NULL,2020-12-31 00:00:00.000,030390A
XPOS,060000,06000,04,NULL,NULL,2,2,TRENDIANO,NULL,2016-12-31 00:00:00.000,041210A
XPOS,060100,06010,04,NULL,NULL,2,2,MOMANON,NULL,2020-12-31 00:00:00.000,041080B
XPOS,060200,06020,03,NULL,NULL,2,2,MIND BRIDGE,NULL,2016-12-31 00:00:00.000,030780B
XPOS,060300,06030,03,NULL,NULL,2,2,Lagogo,NULL,2016-12-31 00:00:00.000,030860B
XPOS,060400,06040,04,NULL,NULL,2,2,柒,NULL,2020-12-31 00:00:00.000,040640B
XPOS,060500,06050,02,NULL,NULL,2,2,YINER(音兒),NULL,2016-12-31 00:00:00.000,020100A
XPOS,060600,06060,01,NULL,NULL,2,2,Lumi,NULL,2020-12-31 00:00:00.000,010033B
XPOS,060700,06070,01,NULL,NULL,2,2,060700,NULL,2020-12-31 00:00:00.000,010022B
XPOS,060800,06080,01,NULL,NULL,2,2,060800,NULL,2020-12-31 00:00:00.000,010550B
XPOS,060900,06090,01,NULL,NULL,2,2,060900,NULL,2020-12-31 00:00:00.000,010522A
XPOS,061000,06100,03,NULL,NULL,2,2,紅蜻蜓,NULL,2020-12-31 00:00:00.000,030090A
XPOS,061100,06110,01,NULL,NULL,2,2,羽西,NULL,2016-12-31 00:00:00.000,010530A
XPOS,061200,06120,05,NULL,NULL,2,2,MIRABELL(美麗寶),NULL,2016-12-31 00:00:00.000,050800B
XPOS,061300,06130,04,NULL,NULL,2,2,三葉草,NULL,2016-12-31 00:00:00.000,041080A
XPOS,061400,06140,04,NULL,NULL,2,2,薩裡奧托,NULL,2020-12-31 00:00:00.000,040030A
XPOS,061500,06150,01,NULL,NULL,2,2,061500,NULL,2020-12-31 00:00:00.000,010262A
XPOS,061600,06160,03,NULL,NULL,2,2,EDC ESPRIT,NULL,2016-12-31 00:00:00.000,030910B
XPOS,061700,06170,02,NULL,NULL,2,2,飛亞達,NULL,2020-12-31 00:00:00.000,020970B
XPOS,061800,06180,04,NULL,NULL,2,2,尼諾裡拉,NULL,2020-12-31 00:00:00.000,040570A
XPOS,061900,06190,01,NULL,NULL,2,2,HONGKEE(紅科),NULL,2016-12-31 00:00:00.000,010220B
XPOS,062000,06200,01,NULL,NULL,2,2,TEENMIX(天美意),NULL,2016-12-31 00:00:00.000,010610B
XPOS,062100,06210,01,NULL,NULL,2,2,BELLE(百麗),NULL,2016-12-31 00:00:00.000,010210A
XPOS,062200,06220,01,NULL,NULL,2,2,TATA,NULL,2016-12-31 00:00:00.000,010150B
XPOS,062300,06230,01,NULL,NULL,2,2,百思圖,NULL,2016-12-31 00:00:00.000,010670B
XPOS,062400,06240,01,NULL,NULL,2,2,JOY & PEACE(真美詩),NULL,2016-12-31 00:00:00.000,010060A
XPOS,062500,06250,01,NULL,NULL,2,2,STACCATO(思加圖),NULL,2016-12-31 00:00:00.000,010210A
XPOS,062600,06260,04,NULL,NULL,2,2,LEVI'S,NULL,2016-12-31 00:00:00.000,041160B
XPOS,062700,06270,01,NULL,NULL,2,2,AVENE(雅漾),NULL,2016-12-31 00:00:00.000,010320A
XPOS,062800,06280,02,NULL,NULL,2,2,VSVELSUS,NULL,2020-12-31 00:00:00.000,020740B
XPOS,062900,06290,01,NULL,NULL,2,2,今生金飾-銀飾,NULL,2016-12-31 00:00:00.000,010380A
XPOS,063000,06300,01,NULL,NULL,2,2,今生金飾-黃金,NULL,2016-12-31 00:00:00.000,010380A
XPOS,063100,06310,01,NULL,NULL,2,2,今生金飾-K金,NULL,2016-12-31 00:00:00.000,010380A
XPOS,063200,06320,03,NULL,NULL,2,2,SCHIESSER(舒雅),NULL,2016-12-31 00:00:00.000,030400B
XPOS,063300,06330,04,NULL,NULL,2,2,063300,NULL,2020-12-31 00:00:00.000,040660B
XPOS,063400,06340,01,NULL,NULL,2,2,周生生,NULL,2016-12-31 00:00:00.000,010511A
XPOS,063500,06350,01,NULL,NULL,2,2,周生生,NULL,2016-12-31 00:00:00.000,010511A
XPOS,063600,06360,01,NULL,NULL,2,2,周生生-黃金擺件,NULL,2016-12-31 00:00:00.000,010511A
XPOS,063700,06370,01,NULL,NULL,2,2,周生生-黃金飾品,NULL,2016-12-31 00:00:00.000,010511A
XPOS,063800,06380,01,NULL,NULL,2,2,周生生-鉑金,NULL,2016-12-31 00:00:00.000,010511A
XPOS,063900,06390,02,NULL,NULL,2,2,063900,NULL,2020-12-31 00:00:00.000,020730B
XPOS,064000,06400,02,NULL,NULL,2,2,三槍,NULL,2020-12-31 00:00:00.000,020070B
XPOS,064100,06410,02,NULL,NULL,2,2,064100,NULL,2016-12-31 00:00:00.000,020970B
XPOS,064200,06420,02,NULL,NULL,2,2,ROSSINI(羅西尼),NULL,2016-12-31 00:00:00.000,020970B
XPOS,064300,06430,03,NULL,NULL,2,2,page one,NULL,2020-12-31 00:00:00.000,030770B
XPOS,064400,06440,05,NULL,NULL,2,2,CHICCO(智高),北京孩思樂商業有限公司,2016-12-31 00:00:00.000,050070B
XPOS,064500,06450,02,NULL,NULL,2,2,譚木匠,NULL,2016-12-31 00:00:00.000,020990B
XPOS,064600,06460,04,NULL,NULL,2,2,Travelpro,NULL,2020-12-31 00:00:00.000,041340A
XPOS,064700,06470,04,NULL,NULL,2,2,寶玉瑪,NULL,2016-12-31 00:00:00.000,041360B
XPOS,064800,06480,02,NULL,NULL,2,2,064800,NULL,2020-12-31 00:00:00.000,020370A
XPOS,064900,06490,03,NULL,NULL,2,2,流行美,NULL,2020-12-31 00:00:00.000,030090B
XPOS,065000,06500,01,NULL,NULL,2,2,瑞恩(k金),NULL,2016-12-31 00:00:00.000,010370A
XPOS,065100,06510,01,NULL,NULL,2,2,瑞恩(鉑金),NULL,2016-12-31 00:00:00.000,010370A
XPOS,065200,06520,01,NULL,NULL,2,2,瑞恩(鑲嵌),NULL,2016-12-31 00:00:00.000,010370A
XPOS,065300,06530,05,NULL,NULL,2,2,麗嬰房--服裝,NULL,2016-12-31 00:00:00.000,050080A
XPOS,065400,06540,05,NULL,NULL,2,2,麗嬰房--用品,NULL,2016-12-31 00:00:00.000,050080A
XPOS,065500,06550,01,NULL,NULL,2,2,AEE(愛意),NULL,2016-12-31 00:00:00.000,010070A
XPOS,065600,06560,03,NULL,NULL,2,2,AEROSOLES,NULL,2020-12-31 00:00:00.000,030070A
XPOS,065700,06570,05,NULL,NULL,2,2,PEPCO(小豬班納),NULL,2016-12-31 00:00:00.000,050211A
XPOS,065800,06580,04,NULL,NULL,2,2,KIN DON,NULL,2020-12-31 00:00:00.000,040990B
XPOS,065900,06590,04,NULL,NULL,2,2,LUFFTICK/LUOFUDIQI,NULL,2016-12-31 00:00:00.000,040070A
XPOS,066000,06600,05,NULL,NULL,2,2,NIKE360,NULL,2020-12-31 00:00:00.000,050430A
XPOS,066100,06610,05,NULL,NULL,2,2,reebok,NULL,2020-12-31 00:00:00.000,050240B
XPOS,066200,06620,05,NULL,NULL,2,2,BARBIE(芭比),NULL,2016-12-31 00:00:00.000,050271B
XPOS,066300,06630,01,NULL,NULL,2,2,佰草集,NULL,2016-12-31 00:00:00.000,010520A
XPOS,066400,06640,01,NULL,NULL,2,2,暇步士,NULL,2016-12-31 00:00:00.000,010682B
XPOS,066500,06650,04,NULL,NULL,2,2,LUIS VIGIN,NULL,2020-12-31 00:00:00.000,041281B
XPOS,066600,06660,04,NULL,NULL,2,2,GOLDLION(金利來),NULL,2016-12-31 00:00:00.000,040430A
XPOS,066700,06670,04,NULL,NULL,2,2,AQUA E SOLE(阿索),NULL,2020-12-31 00:00:00.000,041230B
XPOS,066800,06680,04,NULL,NULL,2,2,BOSSERT,福建高力克鞋業發展有限公司,2016-12-31 00:00:00.000,041140A
XPOS,066900,06690,04,NULL,NULL,2,2,EMINENT(安邁特雅士),NULL,2015-12-31 00:00:00.000,041121B
XPOS,067000,06700,04,NULL,NULL,2,2,DI(帝),NULL,2020-12-31 00:00:00.000,041310C
XPOS,067100,06710,04,NULL,NULL,2,2,吉普動感,NULL,2016-12-31 00:00:00.000,040040B
XPOS,067200,06720,03,NULL,NULL,2,2,FOREVER NEW,NULL,2016-12-31 00:00:00.000,030570A
XPOS,067300,06730,02,NULL,NULL,2,2,PALUOPO(帕羅),NULL,2016-12-31 00:00:00.000,020670B
XPOS,067400,06740,05,NULL,NULL,2,2,高特（進口）,NULL,2020-12-31 00:00:00.000,050060B
XPOS,067500,06750,05,NULL,NULL,2,2,高特（國產）,NULL,2020-12-31 00:00:00.000,050060B
XPOS,067600,06760,01,NULL,NULL,2,2,水芝澳,NULL,2016-12-31 00:00:00.000,010620A
XPOS,067700,06770,02,NULL,NULL,2,2,思諾芙德SNOWFORTE,NULL,2020-12-31 00:00:00.000,020431B
XPOS,067800,06780,03,NULL,NULL,2,2,JEEP,NULL,2016-12-31 00:00:00.000,030790B
XPOS,067900,06790,03,NULL,NULL,2,2,marie n mary,NULL,2016-12-31 00:00:00.000,031010A
XPOS,068000,06800,03,NULL,NULL,2,2,HONEYS GLACIER,NULL,2016-12-31 00:00:00.000,030210A
XPOS,068100,06810,02,NULL,NULL,2,2,戈林斯丹,NULL,2020-12-31 00:00:00.000,020001B
XPOS,068200,06820,03,NULL,NULL,2,2,sloggi,NULL,2020-12-31 00:00:00.000,031080B
XPOS,068300,06830,03,NULL,NULL,2,2,金三塔,NULL,2020-12-31 00:00:00.000,030230B
XPOS,068400,06840,05,NULL,NULL,2,2,安睡寶,NULL,2016-12-31 00:00:00.000,050890B
XPOS,068500,06850,02,NULL,NULL,2,2,珍貝,NULL,2016-12-31 00:00:00.000,020670B
XPOS,068600,06860,01,NULL,NULL,2,2,六福-黃金擺件,NULL,2020-12-31 00:00:00.000,010500A
XPOS,068700,06870,01,NULL,NULL,2,2,六福-鑲嵌,NULL,2016-12-30 00:00:00.000,010500A
XPOS,068800,06880,01,NULL,NULL,2,2,六福-黃金,NULL,2020-12-31 00:00:00.000,010500A
XPOS,068900,06890,01,NULL,NULL,2,2,六福-K金,NULL,2020-12-31 00:00:00.000,010500A
XPOS,069000,06900,02,NULL,NULL,2,2,天王,NULL,2016-12-31 00:00:00.000,020971B
XPOS,069100,06910,01,NULL,NULL,2,2,六福-鉑金,NULL,2020-12-31 00:00:00.000,010500A
XPOS,069200,06920,02,NULL,NULL,2,2,天駿表,NULL,2020-12-31 00:00:00.000,020960B
XPOS,069300,06930,02,NULL,NULL,2,2,格萊詩特,NULL,2020-12-31 00:00:00.000,020931B
XPOS,069400,06940,02,NULL,NULL,2,2,格雅,NULL,2020-12-31 00:00:00.000,020940B
XPOS,069500,06950,01,NULL,NULL,2,2,J&M,NULL,2016-06-01 00:00:00.000,010152B
XPOS,069600,06960,03,NULL,NULL,2,2,EnC,NULL,2015-12-31 00:00:00.000,030470A
XPOS,069700,06970,04,NULL,NULL,2,2,VISHARK,NULL,2016-12-31 00:00:00.000,041170B
XPOS,069800,06980,04,NULL,NULL,2,2,069800,NULL,2020-12-31 00:00:00.000,040480B
XPOS,069900,06990,03,NULL,NULL,2,2,伊絲芬,NULL,2016-06-01 00:00:00.000,030342B
XPOS,070000,07000,05,NULL,NULL,2,2,LUOLAI(羅萊家紡),NULL,2016-12-31 00:00:00.000,050860B
XPOS,070100,07010,03,NULL,NULL,2,2,CELANO,NULL,2015-12-31 00:00:00.000,030860B
XPOS,070200,07020,04,NULL,NULL,2,2,聖大保羅,NULL,2016-12-31 00:00:00.000,040070A
XPOS,070300,07030,05,NULL,NULL,2,2,本色棉,NULL,2020-12-31 00:00:00.000,050730B
XPOS,070400,07040,04,NULL,NULL,2,2,JEEP男裝,NULL,2016-12-31 00:00:00.000,040030A
XPOS,070500,07050,05,NULL,NULL,2,2,start rite,NULL,2016-12-31 00:00:00.000,050791B
XPOS,070600,07060,04,NULL,NULL,2,2,LACOSTE,NULL,2016-12-31 00:00:00.000,041351A
XPOS,070700,07070,04,NULL,NULL,2,2,070700,,2020-12-31 00:00:00.000,041352A
XPOS,070800,07080,03,NULL,NULL,2,2,070800,NULL,2020-12-31 00:00:00.000,030932B
XPOS,070900,07090,03,NULL,NULL,2,2,林清軒,,2016-12-31 00:00:00.000,031100B
XPOS,071000,07100,01,NULL,NULL,2,2,skap,NULL,2016-12-31 00:00:00.000,010090B
XPOS,071100,07110,01,NULL,NULL,2,2,what for,NULL,2016-12-31 00:00:00.000,010790A
XPOS,071200,07120,01,NULL,NULL,2,2,top gloria,NULL,2020-12-31 00:00:00.000,010180A
XPOS,071300,07130,03,NULL,NULL,2,2,OCTMAMI,NULL,2016-12-31 00:00:00.000,030520B
XPOS,071400,07140,05,NULL,NULL,2,2,JACK WOLFSKIN(狼爪),NULL,2016-12-31 00:00:00.000,050650A
XPOS,071500,07150,05,NULL,NULL,2,2,NBA,NULL,2016-12-31 00:00:00.000,050310B
XPOS,071600,07160,02,NULL,NULL,2,2,亦谷,NULL,2016-12-31 00:00:00.000,020280A
XPOS,071700,07170,02,NULL,NULL,2,2,ERDOS(鄂爾多斯),NULL,2016-12-31 00:00:00.000,020050A
XPOS,071800,07180,02,NULL,NULL,2,2,IbyIngln,NULL,2020-12-31 00:00:00.000,020270A
XPOS,071900,07190,02,NULL,NULL,2,2,偉士,NULL,2016-12-31 00:00:00.000,020750B
XPOS,072000,07200,01,NULL,NULL,2,2,HONGSHITI(紅詩緹),NULL,2016-12-31 00:00:00.000,010010B
XPOS,072100,07210,01,NULL,NULL,2,2,貝洛泥,NULL,2016-12-31 00:00:00.000,010522B
XPOS,072200,07220,01,NULL,NULL,2,2,BATA,NULL,2016-12-31 00:00:00.000,010681B
XPOS,072300,07230,01,NULL,NULL,2,2,潮宏基鑲嵌,,2016-12-31 00:00:00.000,010440B
XPOS,072400,07240,01,NULL,NULL,2,2,潮宏基黃金擺件 ,NULL,2016-12-31 00:00:00.000,010440B
XPOS,072500,07250,01,NULL,NULL,2,2,潮宏基K金,NULL,2016-12-31 00:00:00.000,010440B
XPOS,072600,07260,01,NULL,NULL,2,2,潮宏基鉑金,NULL,2020-12-31 00:00:00.000,010440B
XPOS,072700,07270,01,NULL,NULL,2,2,潮宏基黃金,NULL,2016-12-31 00:00:00.000,010440B
XPOS,072800,07280,04,NULL,NULL,2,2,Teenie Weenie男裝,NULL,2016-12-31 00:00:00.000,040570A
XPOS,072900,07290,05,NULL,NULL,2,2,Teenie Weenie童裝,NULL,2016-12-31 00:00:00.000,050240A
XPOS,073000,07300,01,NULL,NULL,2,2,FANCL,NULL,2016-12-31 00:00:00.000,010210A
XPOS,073100,07310,03,NULL,NULL,2,2,特百惠Tupperware,NULL,2020-12-31 00:00:00.000,031050C
XPOS,073200,07320,02,NULL,NULL,2,2,瑪麗亞 古琦,NULL,2016-12-31 00:00:00.000,020092B
XPOS,073300,07330,02,NULL,NULL,2,2,RadiAna,NULL,2016-12-31 00:00:00.000,020082B
XPOS,073400,07340,02,NULL,NULL,2,2,ELLE,NULL,2016-12-31 00:00:00.000,020082B
XPOS,073500,07350,01,NULL,NULL,2,2,KISS KITTY,NULL,2016-12-31 00:00:00.000,010000A
XPOS,073600,07360,02,NULL,NULL,2,2,ECAPELLI(卡佩麗),NULL,2016-12-31 00:00:00.000,020500C
XPOS,073700,07370,01,NULL,NULL,2,2,鑽石世家-k金,NULL,2016-12-31 00:00:00.000,010830A
XPOS,073800,07380,01,NULL,NULL,2,2,鑽石世家-鉑金,,2016-12-31 00:00:00.000,010830A
XPOS,073900,07390,01,NULL,NULL,2,2,鑽石世家-鑲嵌,NULL,2016-12-31 00:00:00.000,010830A
XPOS,074000,07400,03,NULL,NULL,2,2,PUCCA,NULL,2016-12-31 00:00:00.000,030080A
XPOS,074100,07410,04,NULL,NULL,2,2,G2000男裝,NULL,2016-12-31 00:00:00.000,040900A
XPOS,074200,07420,03,NULL,NULL,2,2,havaianas,NULL,2020-12-31 00:00:00.000,030080A
XPOS,074300,07430,03,NULL,NULL,2,2,釉色,NULL,2020-12-31 00:00:00.000,030080A
XPOS,074400,07440,02,NULL,NULL,2,2,BADEYA(芭地婭),NULL,2016-12-31 00:00:00.000,020811B
XPOS,074500,07450,02,NULL,NULL,2,2,emely,NULL,2016-12-31 00:00:00.000,020880B
XPOS,074600,07460,02,NULL,NULL,2,2,DUNLOP,NULL,2016-12-30 00:00:00.000,020801B
XPOS,074700,07470,02,NULL,NULL,2,2,LANYOUTY,NULL,2016-12-31 00:00:00.000,020830B
XPOS,074800,07480,02,NULL,NULL,2,2,DAIWEN'S 岱汶,,2016-12-31 00:00:00.000,020860B
XPOS,074900,07490,02,NULL,NULL,2,2,F/DO,NULL,2020-12-31 00:00:00.000,020850B
XPOS,075000,07500,04,NULL,NULL,2,2,MIND BRIDGE,,2016-12-31 00:00:00.000,040190A
XPOS,075100,07510,03,NULL,NULL,2,2,多彩匯,NULL,2020-12-31 00:00:00.000,030070A
XPOS,075200,07520,02,NULL,NULL,2,2,3721,NULL,2020-12-31 00:00:00.000,020921B
XPOS,075300,07530,05,NULL,NULL,2,2,NEW BALANCE(新百倫),NULL,2016-12-31 00:00:00.000,050580A
XPOS,075400,07540,02,NULL,NULL,2,2,ninesixny96,,2016-12-31 00:00:00.000,020220A
XPOS,075500,07550,03,NULL,NULL,2,2,流行美,NULL,2016-12-31 00:00:00.000,030090A
XPOS,075600,07560,01,NULL,NULL,2,2,蘭芝,NULL,2016-12-31 00:00:00.000,010630B
XPOS,075700,07570,05,NULL,NULL,2,2,偉易達,NULL,2020-12-31 00:00:00.000,050950B
XPOS,075800,07580,05,NULL,NULL,2,2,075800,NULL,2020-12-31 00:00:00.000,050950B
XPOS,075900,07590,05,NULL,NULL,2,2,Combi,NULL,2020-12-31 00:00:00.000,050160A
XPOS,076000,07600,01,NULL,NULL,2,2,阿瑪尼,NULL,2016-12-31 00:00:00.000,010492A
XPOS,076100,07610,04,NULL,NULL,2,2,callisto,NULL,2016-12-31 00:00:00.000,040170A
XPOS,076200,07620,01,NULL,NULL,2,2,TISSOT,NULL,2016-12-31 00:00:00.000,010390A
XPOS,076300,07630,01,NULL,NULL,2,2,MIDO(美度),NULL,2016-12-31 00:00:00.000,010330A
XPOS,076400,07640,04,NULL,NULL,2,2,LAMPO,NULL,2016-12-31 00:00:00.000,040370A
XPOS,076500,07650,01,NULL,NULL,2,2,金至尊鑲嵌,NULL,2016-12-31 00:00:00.000,010450A
XPOS,076600,07660,01,NULL,NULL,2,2,金至尊K金,NULL,2016-12-31 00:00:00.000,010450A
XPOS,076700,07670,01,NULL,NULL,2,2,金至尊鉑金,NULL,2016-12-31 00:00:00.000,010450A
XPOS,076800,07680,01,NULL,NULL,2,2,金至尊黃金飾品,NULL,2016-12-31 00:00:00.000,010450A
XPOS,076900,07690,01,NULL,NULL,2,2,金至尊黃金擺件,07690,2016-12-31 00:00:00.000,010450A
XPOS,077000,07700,01,NULL,NULL,2,2,MAMONDE(夢妝),NULL,2016-12-31 00:00:00.000,010222B
XPOS,077100,07710,05,NULL,NULL,2,2,探路者,NULL,2016-12-31 00:00:00.000,050770A
XPOS,077200,07720,02,NULL,NULL,2,2,佳美,NULL,2020-12-31 00:00:00.000,020330A
XPOS,077300,07730,02,NULL,NULL,2,2,AOLORA(奧柔拉),NULL,2015-12-31 00:00:00.000,020921B
XPOS,077400,07740,05,NULL,NULL,2,2,VANS,NULL,2016-12-31 00:00:00.000,050020A
XPOS,077500,07750,04,NULL,NULL,2,2,LEE,NULL,2016-12-31 00:00:00.000,041060B
XPOS,077600,07760,02,NULL,NULL,2,2,蜜雪兒,NULL,2016-12-30 00:00:00.000,020280A
XPOS,077700,07770,02,NULL,NULL,2,2,BUYINUOSI,NULL,2015-12-31 00:00:00.000,020740B
XPOS,077800,07780,02,NULL,NULL,2,2,DIESEL,NULL,2016-12-31 00:00:00.000,020970B
XPOS,077900,07790,02,NULL,NULL,2,2,詩格恩,,2015-12-31 00:00:00.000,020931B
XPOS,078000,07800,02,NULL,NULL,2,2,FOSSIL,NULL,2015-12-31 00:00:00.000,020940B
XPOS,078100,07810,02,NULL,NULL,2,2,NUOYALUN(諾.婭倫),NUOYALUN(諾.婭倫),2016-12-31 00:00:00.000,020880B
XPOS,078200,07820,05,NULL,NULL,2,2,KAPPA KIDS 兒童,NULL,2016-12-31 00:00:00.000,050130A
XPOS,078300,07830,02,NULL,NULL,2,2,J.X.J-XI(簡兮),NULL,2016-12-31 00:00:00.000,020400B
XPOS,078400,07840,03,NULL,NULL,2,2,JOLIE&DEEN,NULL,2016-12-31 00:00:00.000,030610A
XPOS,078500,07850,01,NULL,NULL,2,2,H2o水芝澳,NULL,2016-12-31 00:00:00.000,010620A
XPOS,078600,07860,04,NULL,NULL,2,2,PORTOFINO,NULL,2020-12-31 00:00:00.000,041330C
XPOS,078700,07870,04,NULL,NULL,2,2,帝,NULL,2020-12-31 00:00:00.000,041130C
XPOS,078800,07880,04,NULL,NULL,2,2,VISHARK,NULL,2016-12-30 00:00:00.000,041170B
XPOS,078900,07890,02,NULL,NULL,2,2,法米拉,NULL,2016-12-31 00:00:00.000,020940B
XPOS,079000,07900,02,NULL,NULL,2,2,一席之地,NULL,2016-12-31 00:00:00.000,020850B
XPOS,079100,07910,04,NULL,NULL,2,2,AMERICAN TOURISTER,NULL,2016-12-31 00:00:00.000,041122B
XPOS,079200,07920,02,NULL,NULL,2,2,臺繡,NULL,2016-12-31 00:00:00.000,020270A
XPOS,079300,07930,04,NULL,NULL,2,2,jeeploud,NULL,2016-12-31 00:00:00.000,041310C
XPOS,079400,07940,02,NULL,NULL,2,2,初妝,NULL,2016-12-31 00:00:00.000,020921B
XPOS,079500,07950,02,NULL,NULL,2,2,春雪,NULL,2016-12-31 00:00:00.000,020720B
XPOS,079600,07960,03,NULL,NULL,2,2,Masklegend膜法傳奇,,2016-12-31 00:00:00.000,030930B
XPOS,079700,07970,05,NULL,NULL,2,2,KOLON SPORT,NULL,2016-12-31 00:00:00.000,050780B
XPOS,079800,07980,05,NULL,NULL,2,2,簡愛家居,NULL,2014-09-30 00:00:00.000,050920B
XPOS,079900,07990,05,NULL,NULL,2,2,綠典,NULL,2016-12-31 00:00:00.000,050730B
XPOS,080000,08000,04,NULL,NULL,2,2,GOLDLION(金利來),NULL,2016-12-31 00:00:00.000,040100A
XPOS,080100,08010,05,NULL,NULL,2,2,ANNIL(安奈兒),NULL,2016-12-31 00:00:00.000,050740B
XPOS,080200,08020,05,NULL,NULL,2,2,提萊雅,NULL,2016-12-31 00:00:00.000,050920B
XPOS,080300,08030,05,NULL,NULL,2,2,愛法貝,NULL,2016-12-31 00:00:00.000,050282B
XPOS,080400,08040,01,NULL,NULL,2,2,TIGRISSO(蹀愫),NULL,2016-12-31 00:00:00.000,010180B
XPOS,080500,08050,01,NULL,NULL,2,2,COZY STEPS,NULL,2016-12-31 00:00:00.000,010150B
XPOS,080600,08060,05,NULL,NULL,2,2,SCALER(思凱樂),NULL,2016-12-31 00:00:00.000,050570A
XPOS,080700,08070,03,NULL,NULL,2,2,EBRA,NULL,2016-12-31 00:00:00.000,031080B
XPOS,080800,08080,04,NULL,NULL,2,2,CAMEL(駱駝),NULL,2016-12-31 00:00:00.000,041150B
XPOS,080900,08090,03,NULL,NULL,2,2,LA CHAPELLE拉夏貝爾,NULL,2016-12-31 00:00:00.000,030950B
XPOS,081000,08100,05,NULL,NULL,2,2,CAN TORP(駱駝戶外),NULL,2016-12-31 00:00:00.000,050550B
XPOS,081100,08110,04,NULL,NULL,2,2,暇步士男裝,NULL,2016-12-31 00:00:00.000,040070A
XPOS,081200,08120,01,NULL,NULL,2,2,千佰莉,NULL,2016-12-31 00:00:00.000,010010B
XPOS,081300,08130,03,NULL,NULL,2,2,茜茜公主,NULL,2016-12-31 00:00:00.000,030230B
XPOS,081400,08140,04,NULL,NULL,2,2,GTS,NULL,2016-12-31 00:00:00.000,040340B
XPOS,081500,08150,04,NULL,NULL,2,2,美銀MEI YIN,NULL,2016-12-31 00:00:00.000,040330B
XPOS,081600,08160,03,NULL,NULL,2,2,peki佩琪,NULL,2014-09-30 00:00:00.000,030330B
XPOS,081700,08170,03,NULL,NULL,2,2,Bluememory,NULL,2016-12-31 00:00:00.000,030081A
XPOS,081800,08180,02,NULL,NULL,2,2,DKNY,NULL,2016-12-31 00:00:00.000,020940B
XPOS,081900,08190,05,NULL,NULL,2,2,NIKE(耐克),NULL,2016-12-31 00:00:00.000,050430A
XPOS,082000,08200,05,NULL,NULL,2,2,伊娜,NULL,2016-12-31 00:00:00.000,050950B
XPOS,082100,08210,03,NULL,NULL,2,2,J&M,NULL,2016-12-31 00:00:00.000,030970B
XPOS,082200,08220,02,NULL,NULL,2,2,莫索,NULL,2016-12-31 00:00:00.000,020002B
XPOS,082300,08230,02,NULL,NULL,2,2,PASSION(鋇萱),NULL,2016-12-31 00:00:00.000,020370A
XPOS,082400,08240,02,NULL,NULL,2,2,OMNLALUO,NULL,2016-12-31 00:00:00.000,020390A
XPOS,082500,08250,04,NULL,NULL,2,2,WRANGLER,NULL,2016-12-31 00:00:00.000,041100A
XPOS,082600,08260,02,NULL,NULL,2,2,GEROLAMO,NULL,2016-12-31 00:00:00.000,020210A
XPOS,082700,08270,04,NULL,NULL,2,2,082700,NULL,2016-12-30 00:00:00.000,040932A
XPOS,082800,08280,01,NULL,NULL,2,2,082800,NULL,2016-12-31 00:00:00.000,010090A
XPOS,082900,08290,04,NULL,NULL,2,2,CELE,NULL,2016-12-31 00:00:00.000,040040B
XPOS,083000,08300,03,NULL,NULL,2,2,SHEEPET(舒寵),NULL,2016-12-31 00:00:00.000,031110B
XPOS,083100,08310,02,NULL,NULL,2,2,ROZANA,NULL,2016-12-31 00:00:00.000,020070B
XPOS,083200,08320,05,NULL,NULL,2,2,太湖雪,NULL,2016-12-31 00:00:00.000,050920B
XPOS,083300,08330,05,NULL,NULL,2,2,居元素,NULL,2016-12-31 00:00:00.000,050950B
XPOS,083400,08340,05,NULL,NULL,2,2,奧迪雙鑽,NULL,2016-12-31 00:00:00.000,050760B
XPOS,083500,08350,02,NULL,NULL,2,2,HUSH PUPPIES (暇步士,NULL,2016-12-31 00:00:00.000,020280A
XPOS,083600,08360,01,NULL,NULL,2,2,恆昌,NULL,2016-12-31 00:00:00.000,010410B
XPOS,083700,08370,03,NULL,NULL,2,2,PEKI(佩琪飾品),NULL,2016-12-31 00:00:00.000,030070A
XPOS,083800,08380,04,NULL,NULL,2,2,083800,NULL,2015-06-30 00:00:00.000,040932A
XPOS,083900,08390,05,NULL,NULL,2,2,morning,NULL,2016-12-31 00:00:00.000,050851B
XPOS,084000,08400,05,NULL,NULL,2,2,THE NORTH FACE,NULL,2016-12-31 00:00:00.000,050290A
XPOS,084100,08410,05,NULL,NULL,2,2,銀輝玩具,NULL,2016-12-31 00:00:00.000,050750B
XPOS,084200,08420,05,NULL,NULL,2,2,YGAOR,NULL,2016-12-31 00:00:00.000,050852B
XPOS,084300,08430,05,NULL,NULL,2,2,PAUL FRANK,NULL,2016-12-31 00:00:00.000,050262B
XPOS,084400,08440,01,NULL,NULL,2,2,歐舒丹,NULL,2016-12-31 00:00:00.000,010690A
XPOS,084500,08450,03,NULL,NULL,2,2,LILY,NULL,2016-12-31 00:00:00.000,030480A
XPOS,084600,08460,05,NULL,NULL,2,2,NEW BALANCE(童裝),NULL,2016-12-31 00:00:00.000,050230B
XPOS,084700,08470,01,NULL,NULL,2,2,周大福投資金條,NULL,2016-12-31 00:00:00.000,013300A
XPOS,084800,08480,05,NULL,NULL,2,2,TWINKIDS,NULL,2016-12-31 00:00:00.000,050230B
XPOS,084900,08490,01,NULL,NULL,2,2,STELLA LUNA,NULL,2016-12-31 00:00:00.000,010200A
XPOS,085000,08500,01,NULL,NULL,2,2,WHAT FOR,NULL,2016-12-31 00:00:00.000,010790A
XPOS,085100,08510,02,NULL,NULL,2,2,ZEBRINA百瑞納,NULL,2016-12-31 00:00:00.000,020842A
XPOS,085200,08520,01,NULL,NULL,2,2,KISS KITTY,NULL,2016-12-31 00:00:00.000,010180B
XPOS,085300,08530,04,NULL,NULL,2,2,變形金剛,NULL,2016-12-31 00:00:00.000,041121B
XPOS,085400,08540,02,NULL,NULL,2,2,RAZUULA拉度拉,NULL,2016-12-31 00:00:00.000,020140A
XPOS,085500,08550,04,NULL,NULL,2,2,G1,NULL,2016-12-31 00:00:00.000,041133B
XPOS,085600,08560,05,NULL,NULL,2,2,TIGER,NULL,2016-12-31 00:00:00.000,029200B
XPOS,085700,08570,03,NULL,NULL,2,2,MARIE N MARY,NULL,2016-12-31 00:00:00.000,031010A
XPOS,085800,08580,04,NULL,NULL,2,2,SATCHI(沙馳),NULL,2016-12-31 00:00:00.000,041250B
XPOS,085900,08590,03,NULL,NULL,2,2,LAGOGO,NULL,2016-12-31 00:00:00.000,030770B
XPOS,086000,08600,03,NULL,NULL,2,2,海盜船,NULL,2016-12-31 00:00:00.000,031460B
XPOS,086100,08610,03,NULL,NULL,2,2,海盜船,NULL,2016-12-31 00:00:00.000,031460B
XPOS,086200,08620,01,NULL,NULL,2,2,阿芙/AFU,NULL,2016-12-31 00:00:00.000,010530B
XPOS,086300,08630,02,NULL,NULL,2,2,RONGJINSHENG(絨錦晟),NULL,2016-12-31 00:00:00.000,020420B
XPOS,086400,08640,03,NULL,NULL,2,2,CHARM GODDESS,NULL,2016-12-31 00:00:00.000,030810B
XPOS,086500,08650,04,NULL,NULL,2,2,杉杉,NULL,2016-12-31 00:00:00.000,040330A
XPOS,086600,08660,04,NULL,NULL,2,2,麥雅,NULL,2016-12-31 00:00:00.000,040280A
XPOS,086700,08670,02,NULL,NULL,2,2,KANOJAO,NULL,2016-12-31 00:00:00.000,020220A
XPOS,086800,08680,03,NULL,NULL,2,2,棉源素語,NULL,2016-12-31 00:00:00.000,030333B
XPOS,086900,08690,03,NULL,NULL,2,2,康妮雅,NULL,2016-12-31 00:00:00.000,031130B
XPOS,087000,08700,02,NULL,NULL,2,2,皮爾卡丹,NULL,2016-12-31 00:00:00.000,020420B
XPOS,087100,08710,05,NULL,NULL,2,2,SATCHI(沙馳),NULL,2015-06-30 00:00:00.000,050840B
XPOS,087200,08720,03,NULL,NULL,2,2,RMEO,NULL,2016-12-31 00:00:00.000,030860B
XPOS,087300,08730,04,NULL,NULL,2,2,PLOVER,NULL,2015-06-30 00:00:00.000,041130C
XPOS,087400,08740,02,NULL,NULL,2,2,AQIDUO(阿奇朵),NULL,2016-12-31 00:00:00.000,020690A
XPOS,087500,08750,01,NULL,NULL,2,2,CLARKS (其樂),NULL,2016-12-31 00:00:00.000,010090A
XPOS,087600,08760,03,NULL,NULL,2,2,康妮雅,NULL,2016-12-31 00:00:00.000,031130B
XPOS,087700,08770,04,NULL,NULL,2,2,CHYRA,NULL,2016-12-31 00:00:00.000,040950B
XPOS,087800,08780,04,NULL,NULL,2,2,SATCHI(沙馳),NULL,2016-12-31 00:00:00.000,040370B
XPOS,087900,08790,02,NULL,NULL,2,2,LIN'S,NULL,2016-12-31 00:00:00.000,020850B
XPOS,088000,08800,05,NULL,NULL,2,2,088000,,2015-06-30 00:00:00.000,050840B
XPOS,088100,08810,02,NULL,NULL,2,2,MONTAGUT(夢特嬌),NULL,2015-12-31 00:00:00.000,020893B
XPOS,088200,08820,02,NULL,NULL,2,2,Carol(嘉樂),NULL,2016-12-31 00:00:00.000,020950B
XPOS,088300,08830,04,NULL,NULL,2,2,LEVI'S(利惠),NULL,2015-12-31 00:00:00.000,041040A
XPOS,088400,08840,05,NULL,NULL,2,2,YGAOR,NULL,2015-12-31 00:00:00.000,050852B
XPOS,088500,08850,05,NULL,NULL,2,2,安睡寶,NULL,2015-09-30 00:00:00.000,050950B
XPOS,088600,08860,05,NULL,NULL,2,2,居元素,NULL,2015-12-31 00:00:00.000,050940B
XPOS,088700,08870,05,NULL,NULL,2,2,TOREAD(探路者),NULL,2015-12-31 00:00:00.000,050770A
XPOS,088800,08880,02,NULL,NULL,2,2,雪蓮,NULL,2016-12-31 00:00:00.000,020670B
XPOS,088900,08890,01,NULL,NULL,2,2,CK,NULL,2015-06-30 00:00:00.000,010490A
XPOS,089000,08900,02,NULL,NULL,2,2,尚品金尊,NULL,2016-06-30 00:00:00.000,020921B
XPOS,089100,08910,01,NULL,NULL,2,2,潮宏基-擺件,NULL,2016-06-30 00:00:00.000,010440B
XPOS,089200,08920,01,NULL,NULL,2,2,潮宏基-黃金,NULL,2016-06-30 00:00:00.000,010440B
XPOS,089300,08930,01,NULL,NULL,2,2,潮宏基-K金,NULL,2016-06-30 00:00:00.000,010440B
XPOS,089400,08940,01,NULL,NULL,2,2,潮宏基-鉑金,NULL,2016-06-30 00:00:00.000,010440B
XPOS,089500,08950,01,NULL,NULL,2,2,潮宏基-鑲嵌,NULL,2016-06-30 00:00:00.000,010440B
XPOS,089600,08960,01,NULL,NULL,2,1,潮宏基-鑲嵌特,NULL,2016-06-30 00:00:00.000,010440B
XPOS,089700,08970,01,NULL,NULL,2,2,馥綠德雅,NULL,2016-06-30 00:00:00.000,010620B
XPOS,089800,08980,02,NULL,NULL,2,2,LANYOUTY,NULL,2016-06-30 00:00:00.000,020830B
XPOS,089900,08990,02,NULL,NULL,2,2,D.F.J.MEI,NULL,2016-06-30 00:00:00.000,020880B
XPOS,090000,09000,03,NULL,NULL,2,2,UGIZ,NULL,2016-06-30 00:00:00.000,030890B
XPOS,090100,09010,05,NULL,NULL,2,2,Disney,NULL,2016-06-30 00:00:00.000,050792B
XPOS,090200,09020,05,NULL,NULL,2,2,090200,,2016-06-30 00:00:00.000,050230A
XPOS,090300,09030,01,NULL,NULL,2,2,KISSCAT,NULL,2016-06-30 00:00:00.000,010180B
XPOS,090400,09040,01,NULL,NULL,2,2,KissKitty,NULL,2016-06-30 00:00:00.000,010180B
XPOS,090500,09050,01,NULL,NULL,2,2,蹀愫,NULL,2016-06-30 00:00:00.000,010180B
XPOS,090600,09060,04,NULL,NULL,2,2,advanturer,NULL,2016-06-30 00:00:00.000,040931A
XPOS,090700,09070,01,NULL,NULL,2,2,090700,NULL,2016-06-30 00:00:00.000,010410B
XPOS,090800,09080,05,NULL,NULL,2,2,090800,NULL,2016-12-31 00:00:00.000,050281B
XPOS,090900,09090,05,NULL,NULL,2,2,090900,NULL,2016-06-30 00:00:00.000,050080A
XPOS,091000,09100,04,NULL,NULL,2,2,091000,NULL,2016-06-30 00:00:00.000,040540A
XPOS,091100,09110,05,NULL,NULL,2,2,091100,NULL,2016-06-30 00:00:00.000,050670A
XPOS,091200,09120,01,NULL,NULL,2,2,091200,NULL,2017-06-30 00:00:00.000,010490A
XPOS,091300,09130,01,NULL,NULL,2,2,091300,NULL,2017-06-30 00:00:00.000,010490A
XPOS,091400,09140,01,NULL,NULL,2,2,091400,NULL,2017-06-30 00:00:00.000,010490A
XPOS,091500,09150,01,NULL,NULL,2,2,091500,NULL,2017-06-30 00:00:00.000,010490A
XPOS,091600,09160,01,NULL,NULL,2,2,091600,NULL,2017-06-30 00:00:00.000,010490A
XPOS,091700,09170,01,NULL,NULL,2,2,091700,NULL,2017-06-30 00:00:00.000,010490A
XPOS,091800,09180,01,NULL,NULL,2,2,091800,NULL,2017-06-30 00:00:00.000,010490A
XPOS,091900,09190,03,NULL,NULL,2,2,091900,NULL,2016-06-30 00:00:00.000,030380B
XPOS,092000,09200,05,NULL,NULL,2,2,ICEPEAK,NULL,2016-06-30 00:00:00.000,050770A
XPOS,092100,09210,04,NULL,NULL,2,2,金利來,NULL,2016-06-30 00:00:00.000,040070A
XPOS,092200,09220,01,NULL,NULL,2,2,092200,NULL,2016-06-30 00:00:00.000,010320A
XPOS,092300,09230,01,NULL,NULL,2,2,092300,NULL,2016-09-30 00:00:00.000,010360A
XPOS,092400,09240,01,NULL,NULL,2,2,092400,NULL,2016-09-30 00:00:00.000,010360A
XPOS,092500,09250,01,NULL,NULL,2,2,092500,NULL,2016-09-30 00:00:00.000,010360A
XPOS,092600,09260,01,NULL,NULL,2,2,092600,NULL,2016-09-30 00:00:00.000,010360A
XPOS,092700,09270,01,NULL,NULL,2,2,092700,NULL,2016-09-30 00:00:00.000,010360A
XPOS,092800,09280,01,NULL,NULL,2,2,092800,NULL,2016-09-30 00:00:00.000,010360A
XPOS,092900,09290,01,NULL,NULL,2,2,092900,NULL,2016-09-30 00:00:00.000,010360A
XPOS,093000,09300,01,NULL,NULL,2,2,093000,NULL,2016-09-30 00:00:00.000,010360A
XPOS,300000,30000,05,NULL,NULL,5,2,mini car,NULL,2020-12-31 00:00:00.000,050950B
XPOS,300100,30010,03,NULL,NULL,5,2,纖絲鳥,NULL,2016-12-31 00:00:00.000,030120A
XPOS,300200,30020,05,NULL,NULL,5,2,世王,NULL,2016-12-31 00:00:00.000,050950B
XPOS,300300,30030,05,NULL,NULL,5,2,MICKEY MOUSE(米奇妙),NULL,2020-12-31 00:00:00.000,050950B
XPOS,300400,30040,02,NULL,NULL,5,2,SNOWLOTUS(雪蓮),NULL,2020-12-31 00:00:00.000,021090A
XPOS,300500,30050,01,NULL,NULL,5,2,ECCO(愛步),NULL,2020-12-31 00:00:00.000,010120B
XPOS,300600,30060,05,NULL,NULL,5,2,300600,NULL,2020-12-31 00:00:00.000,050950B
XPOS,300700,30070,05,NULL,NULL,5,2,LUOLAI(羅萊家紡),NULL,2020-12-31 00:00:00.000,050950B
XPOS,300800,30080,03,NULL,NULL,5,2,D:FUSE(迪芙斯),NULL,2020-12-31 00:00:00.000,031000B
XPOS,300900,30090,05,NULL,NULL,5,2,順美,NULL,2020-12-31 00:00:00.000,051000B
XPOS,301000,30100,05,NULL,NULL,5,2,COMRADE(康莉),NULL,2016-12-31 00:00:00.000,010120B
XPOS,301100,30110,05,NULL,NULL,5,2,皮爾卡丹,NULL,2016-12-31 00:00:00.000,050950B
XPOS,301200,30120,05,NULL,NULL,5,2,波司登,NULL,2016-12-31 00:00:00.000,050950B
XPOS,301300,30130,05,NULL,NULL,5,2,北極絨,NULL,2020-12-31 00:00:00.000,050950B
XPOS,301400,30140,05,NULL,NULL,5,2,傑奧,NULL,2020-12-31 00:00:00.000,050950B
XPOS,301500,30150,05,NULL,NULL,5,2,伊絲芬,NULL,2020-12-31 00:00:00.000,050950B
XPOS,301600,30160,05,NULL,NULL,5,2,曼妮芬,NULL,2020-12-31 00:00:00.000,050950B
XPOS,301700,30170,04,NULL,NULL,5,2,海恩斯,NULL,2020-12-31 00:00:00.000,041340A
XPOS,301800,30180,03,NULL,NULL,5,2,桑扶蘭,NULL,2016-12-31 00:00:00.000,030320B
XPOS,301900,30190,05,NULL,NULL,5,2,法羅,NULL,2020-12-31 00:00:00.000,050470B
XPOS,302000,30200,05,NULL,NULL,5,2,丹奴比奧,NULL,2016-12-31 00:00:00.000,051000B
XPOS,302100,30210,02,NULL,NULL,5,2,GTS,NULL,2020-12-31 00:00:00.000,021090A
XPOS,302200,30220,05,NULL,NULL,5,2,暇步士,NULL,2020-12-31 00:00:00.000,050950B
XPOS,302300,30230,02,NULL,NULL,5,2,瑤嫻一族,NULL,2020-12-31 00:00:00.000,021100A
XPOS,302400,30240,03,NULL,NULL,5,2,旗牌王,NULL,2020-12-31 00:00:00.000,031000B
XPOS,302500,30250,05,NULL,NULL,5,2,暖倍爾,NULL,2020-12-31 00:00:00.000,050950B
XPOS,302600,30260,01,NULL,NULL,5,2,TEX-LAND,NULL,2020-12-31 00:00:00.000,010700A
XPOS,302700,30270,05,NULL,NULL,5,2,朵彩,NULL,2020-12-31 00:00:00.000,050950B
XPOS,302800,30280,05,NULL,NULL,5,2,小護士,NULL,2020-12-31 00:00:00.000,050950B
XPOS,302900,30290,05,NULL,NULL,5,2,CI.PRES,NULL,2020-12-31 00:00:00.000,050950B
XPOS,303000,30300,01,NULL,NULL,5,2,諾詩蘭,NULL,2020-12-31 00:00:00.000,010700A
XPOS,303100,30310,03,NULL,NULL,5,2,達芙妮,NULL,2020-12-31 00:00:00.000,031000B
XPOS,303200,30320,05,NULL,NULL,5,2,安睡寶,NULL,2020-12-31 00:00:00.000,050380A
XPOS,303300,30330,05,NULL,NULL,5,2,利惠,NULL,2020-12-31 00:00:00.000,050950B
XPOS,303400,30340,05,NULL,NULL,5,2,嬰方喜,NULL,2020-12-31 00:00:00.000,050950B
XPOS,303500,30350,05,NULL,NULL,5,2,303500,NULL,2020-12-31 00:00:00.000,050950B
XPOS,303600,30360,02,NULL,NULL,5,2,申花,NULL,2020-12-31 00:00:00.000,021090A
XPOS,303700,30370,02,NULL,NULL,5,2,雪中花,NULL,2020-12-31 00:00:00.000,021090A
XPOS,303800,30380,05,NULL,NULL,5,2,303800,NULL,2020-12-31 00:00:00.000,050950B
XPOS,303900,30390,04,NULL,NULL,5,2,303900,NULL,2020-12-31 00:00:00.000,041340A
XPOS,304000,30400,05,NULL,NULL,5,2,CARTELO(卡帝樂),NULL,2020-12-31 00:00:00.000,050950B
XPOS,304100,30410,01,NULL,NULL,5,2,WALKERSHOP(奧卡索),NULL,2016-12-31 00:00:00.000,010120B
XPOS,304200,30420,03,NULL,NULL,5,2,COUBER.G(傲巴斯),NULL,2020-12-31 00:00:00.000,031000B
XPOS,304300,30430,05,NULL,NULL,5,2,駱駝牌,NULL,2020-12-31 00:00:00.000,050870A
XPOS,304400,30440,05,NULL,NULL,5,2,威達斯,NULL,2020-12-31 00:00:00.000,050950B
XPOS,304500,30450,02,NULL,NULL,5,2,304500,NULL,2020-12-31 00:00:00.000,021090A
XPOS,304600,30460,01,0.00,NULL,5,2,304600,NULL,2020-12-31 00:00:00.000,010700A
XPOS,304700,30470,01,0.00,NULL,5,2,304700,NULL,2020-12-31 00:00:00.000,010700A
XPOS,304800,30480,01,0.00,NULL,5,2,304800,NULL,2020-12-31 00:00:00.000,010700A
XPOS,304900,30490,05,0.00,NULL,5,2,304900,NULL,2016-12-31 00:00:00.000,050950B
XPOS,305000,30500,05,NULL,NULL,5,2,305000,NULL,2020-12-31 00:00:00.000,050950B
XPOS,305100,30510,05,NULL,NULL,5,2,305100,NULL,2016-12-31 00:00:00.000,050950B
XPOS,305200,30520,05,NULL,NULL,5,2,305200,NULL,2020-12-31 00:00:00.000,050950B
XPOS,305300,30530,05,NULL,NULL,5,2,305300,NULL,2020-12-31 00:00:00.000,050950B
XPOS,305400,30540,02,NULL,NULL,5,2,305400,NULL,2020-12-31 00:00:00.000,021090A
XPOS,305500,30550,01,NULL,NULL,5,2,305500,NULL,2020-12-31 00:00:00.000,010620B
XPOS,305600,30560,05,NULL,NULL,5,2,305600,NULL,2020-12-31 00:00:00.000,050330A
XPOS,305700,30570,01,NULL,NULL,5,2,305700,NULL,2020-12-31 00:00:00.000,010700A
XPOS,305800,30580,05,NULL,NULL,5,2,305800,NULL,2020-12-31 00:00:00.000,050870A
XPOS,305900,30590,01,NULL,NULL,5,2,305900,NULL,2020-12-31 00:00:00.000,010700A
XPOS,306000,30600,05,NULL,NULL,5,2,306000,NULL,2020-12-31 00:00:00.000,050250A
XPOS,306100,30610,05,NULL,NULL,5,2,306100,NULL,2020-12-31 00:00:00.000,050950B
XPOS,306200,30620,04,NULL,NULL,5,2,306200,NULL,2020-12-31 00:00:00.000,041340A
XPOS,306300,30630,05,NULL,NULL,5,2,306300,NULL,2016-12-31 00:00:00.000,050950B
XPOS,306400,30640,05,NULL,NULL,5,2,306400,NULL,2020-12-31 00:00:00.000,050950B
XPOS,306500,30650,05,NULL,NULL,5,2,306500,NULL,2015-12-31 00:00:00.000,050950B
XPOS,306600,30660,05,NULL,NULL,5,2,306600,NULL,2020-12-31 00:00:00.000,050950B
XPOS,306700,30670,04,NULL,NULL,5,2,306700,NULL,2020-12-31 00:00:00.000,041340A
